timestamp,open,high,low,close,volume
1732673100000,92696.0,92745.81,92552.0,92674.13,102.22305
1732673400000,92674.13,92674.14,92333.0,92368.0,124.43609
1732673700000,92368.0,92477.52,92304.8,92460.6,88.71202
1732674000000,92460.6,92870.0,92390.76,92869.99,122.58763
1732674300000,92870.0,93037.38,92858.12,92930.27,240.49046
1732674600000,92930.27,92953.15,92763.65,92763.66,114.92853
1732674900000,92763.66,92930.27,92763.65,92851.97,106.89205
1732675200000,92851.98,92867.98,92691.63,92714.65,79.11339
1732675500000,92714.66,92923.11,92708.68,92900.01,86.2929
1732675800000,92900.0,92964.0,92845.41,92916.65,71.21034
1732676100000,92916.66,92978.44,92890.4,92943.34,95.73068
1732676400000,92943.34,92943.34,92815.16,92895.98,140.49977
1732676700000,92895.98,92895.98,92780.0,92789.32,113.11581
1732677000000,92789.33,92915.8,92788.96,92915.79,59.80737
1732677300000,92915.8,92946.1,92853.42,92875.03,77.52173
1732677600000,92875.03,92887.53,92690.46,92814.49,144.4404
1732677900000,92814.49,92904.77,92750.01,92800.0,110.11453
1732678200000,92800.0,92818.51,92618.18,92643.6,115.07149
1732678500000,92643.6,92716.0,92619.56,92682.93,84.12631
1732678800000,92682.93,92810.0,92630.14,92685.51,239.73547
1732679100000,92685.51,92723.25,92521.73,92524.0,111.0304
1732679400000,92524.01,92739.14,92524.01,92688.01,60.68058
1732679700000,92688.01,92776.26,92544.18,92588.0,150.91046
1732680000000,92588.0,92628.0,92550.03,92603.33,81.05381
1732680300000,92603.33,92776.0,92603.33,92775.99,87.36386
1732680600000,92775.99,92780.0,92632.92,92715.4,109.27454
1732680900000,92715.4,92900.0,92664.8,92892.76,118.11796
1732681200000,92892.76,93181.05,92892.76,93125.01,395.90814
1732681500000,93125.02,93211.2,93008.0,93018.97,145.44278
1732681800000,93018.98,93036.0,92847.83,92891.96,95.52303
1732682100000,92891.96,92891.96,92655.08,92771.8,145.32263
1732682400000,92771.79,92839.66,92658.12,92747.98,111.26223
1732682700000,92747.99,92828.07,92612.94,92612.97,57.96309
1732683000000,92612.97,92628.0,92515.41,92580.01,140.19191
1732683300000,92580.01,92606.53,92500.0,92568.0,66.13122
1732683600000,92568.0,92591.88,92415.71,92459.99,72.02612
1732683900000,92460.0,92510.39,92361.66,92442.88,89.01253
1732684200000,92442.87,92539.13,92430.0,92495.14,85.98684
1732684500000,92495.14,92609.95,92495.14,92602.66,77.33993
1732684800000,92602.65,92700.0,92450.0,92620.01,63.00856
1732685100000,92620.01,92731.72,92588.84,92719.03,49.03983
1732685400000,92719.03,92784.8,92675.39,92731.18,63.17051
1732685700000,92731.19,92812.0,92696.89,92739.96,118.39288
1732686000000,92739.96,92815.23,92720.0,92755.99,70.68171
1732686300000,92755.99,92764.47,92666.95,92666.95,35.5853
1732686600000,92666.94,92746.04,92630.43,92743.46,55.41753
1732686900000,92743.45,92770.48,92636.72,92768.01,106.49549
1732687200000,92768.01,92891.14,92768.01,92850.04,150.45175
1732687500000,92850.03,92940.84,92828.01,92923.42,64.18362
1732687800000,92923.41,93140.0,92923.41,93124.05,130.60779
1732688100000,93124.04,93312.0,93076.8,93293.86,127.55788
1732688400000,93293.85,93393.19,93282.6,93282.61,142.95177
1732688700000,93282.6,93286.65,93173.91,93204.0,126.97754
1732689000000,93204.0,93236.31,93160.01,93180.01,89.86324
1732689300000,93180.01,93324.53,93120.01,93252.27,106.55865
1732689600000,93252.27,93284.09,93186.34,93253.96,148.24391
1732689900000,93253.97,93253.97,93091.1,93162.97,85.6221
1732690200000,93162.97,93215.99,93000.0,93048.03,136.12667
1732690500000,93048.03,93158.12,93048.01,93068.16,109.13424
1732690800000,93068.15,93200.0,93024.0,93134.02,90.67993
1732691100000,93134.02,93298.56,93134.02,93268.19,98.52928
1732691400000,93268.19,93299.99,93173.91,93279.99,79.95839
1732691700000,93280.0,93391.99,93200.01,93391.99,69.05045
1732692000000,93391.98,93496.0,93380.0,93450.31,88.44032
1732692300000,93450.3,93524.0,93345.39,93434.98,92.64084
1732692600000,93434.99,93529.0,93364.0,93528.0,76.45027
1732692900000,93527.99,93527.99,93450.0,93470.71,63.40176
1732693200000,93470.71,93530.19,93392.01,93530.19,71.8463
1732693500000,93530.19,93647.78,93464.03,93633.65,101.94825
1732693800000,93633.64,93648.0,93588.4,93628.02,73.63459
1732694100000,93628.02,93628.02,93576.82,93597.16,75.70015
1732694400000,93597.16,93609.93,93421.06,93446.7,101.70719
1732694700000,93446.7,93518.7,93394.85,93483.6,88.69452
1732695000000,93483.6,93483.6,93305.46,93334.0,105.06343
1732695300000,93334.0,93436.0,93317.46,93415.25,115.03135
1732695600000,93415.26,93484.78,93322.3,93343.98,85.95145
1732695900000,93343.98,93349.21,93236.01,93330.33,122.12478
1732696200000,93330.33,93391.3,93292.48,93314.44,90.6183
1732696500000,93314.44,93487.12,93294.01,93475.7,113.17079
1732696800000,93475.7,93541.63,93440.02,93480.0,124.55811
1732697100000,93480.0,93521.87,93433.58,93437.68,92.95923
1732697400000,93437.69,93467.55,93380.0,93429.91,91.68916
1732697700000,93429.9,93479.37,93405.08,93433.21,64.52644
1732698000000,93433.2,93492.98,93260.0,93294.01,95.95474
1732698300000,93294.01,93455.58,93184.0,93220.0,95.74892
1732698600000,93220.0,93280.0,93148.83,93174.5,82.74304
1732698900000,93174.5,93279.92,93144.0,93279.92,61.55493
1732699200000,93279.92,93282.61,93118.26,93215.99,60.70611
1732699500000,93216.0,93372.0,93216.0,93308.0,52.94498
1732699800000,93307.99,93327.96,93109.12,93167.82,83.93777
1732700100000,93167.91,93282.61,93152.0,93282.6,74.68157
1732700400000,93282.6,93299.99,93197.03,93252.9,58.2623
1732700700000,93252.91,93428.57,93203.36,93412.01,83.81264
1732701000000,93412.01,93431.91,93374.81,93428.01,56.64189
1732701300000,93428.0,93444.45,93384.0,93403.5,42.84052
1732701600000,93403.49,93490.86,93380.0,93400.37,70.08539
1732701900000,93400.36,93443.99,93369.36,93369.36,49.83577
1732702200000,93369.37,93456.0,93353.82,93456.0,66.1951
1732702500000,93455.99,93600.0,93455.99,93587.59,63.01923
1732702800000,93587.59,93666.0,93577.73,93625.36,95.7101
1732703100000,93625.35,93640.57,93573.18,93607.99,72.82522
1732703400000,93607.99,93718.28,93607.99,93689.34,94.69555
1732703700000,93689.34,93761.9,93689.34,93747.37,80.49244
1732704000000,93747.37,93869.01,93735.61,93869.0,160.31936
1732704300000,93869.0,93885.6,93703.39,93720.0,115.1566
1732704600000,93720.0,93740.0,93600.0,93732.17,90.10643
1732704900000,93732.17,93875.99,93732.17,93821.35,61.93414
1732705200000,93821.35,93823.34,93659.0,93659.0,94.63734
1732705500000,93659.01,93697.69,93618.01,93626.04,77.29638
1732705800000,93626.04,93730.16,93626.03,93727.98,71.47254
1732706100000,93727.99,93727.99,93508.78,93539.68,70.86733
1732706400000,93539.69,93591.29,93460.47,93512.0,62.88957
1732706700000,93512.0,93587.08,93485.03,93559.0,60.28094
1732707000000,93558.99,93666.0,93492.06,93651.99,80.08792
1732707300000,93651.98,93664.0,93365.02,93408.03,136.89869
1732707600000,93408.03,93410.0,93324.0,93393.0,88.88431
1732707900000,93393.0,93457.57,93316.87,93412.96,95.52265
1732708200000,93412.96,93412.96,93329.34,93365.76,48.99964
1732708500000,93365.75,93388.9,93338.46,93367.99,39.87509
1732708800000,93367.99,93396.5,93324.0,93332.75,50.73748
1732709100000,93332.76,93352.0,93156.58,93172.01,120.28833
1732709400000,93172.01,93200.02,93120.38,93193.97,85.50668
1732709700000,93193.97,93356.0,93162.51,93337.52,52.6623
1732710000000,93337.52,93365.11,93087.97,93088.23,104.30388
1732710300000,93088.24,93097.54,92847.84,92856.0,239.19438
1732710600000,92855.99,93040.0,92855.99,92990.41,122.05862
1732710900000,92990.41,93065.22,92970.0,93058.84,69.6027
1732711200000,93058.85,93212.59,93051.88,93085.5,141.63386
1732711500000,93085.5,93277.99,93065.21,93197.39,146.69444
1732711800000,93197.39,93367.99,93180.01,93300.0,109.49614
1732712100000,93300.01,93500.0,93211.99,93499.99,120.16963
1732712400000,93499.99,93750.0,93416.0,93732.01,195.83785
1732712700000,93732.01,93851.98,93650.68,93719.98,160.69771
1732713000000,93719.99,93807.97,93616.0,93666.67,156.00587
1732713300000,93666.67,93677.32,93519.21,93543.99,138.48855
1732713600000,93543.98,93616.0,93472.09,93559.29,77.54618
1732713900000,93559.29,93828.14,93528.97,93827.99,150.55399
1732714200000,93827.99,93873.19,93699.55,93780.4,158.45611
1732714500000,93780.4,93930.74,93759.68,93791.29,138.99024
1732714800000,93791.29,93895.17,93769.04,93845.25,101.85029
1732715100000,93845.24,93939.33,93751.32,93859.45,112.67105
1732715400000,93859.44,93944.0,93857.14,93933.99,102.00903
1732715700000,93933.99,94264.0,93933.99,94264.0,239.78254
1732716000000,94264.0,94305.0,94157.16,94304.99,246.03216
1732716300000,94304.99,94459.98,94106.74,94150.17,290.34564
1732716600000,94151.98,94388.0,94108.01,94371.99,157.88919
1732716900000,94371.99,94424.0,94300.01,94350.01,74.54855
1732717200000,94350.0,94520.99,94340.0,94363.97,163.87108
1732717500000,94363.97,94518.91,94296.0,94509.83,140.88657
1732717800000,94509.82,94595.0,94236.13,94584.0,295.89144
1732718100000,94584.0,94760.0,94390.41,94696.24,354.87479
1732718400000,94696.24,94832.0,94588.1,94731.98,244.67069
1732718700000,94731.99,94772.0,94370.4,94634.5,278.86226
1732719000000,94634.5,94716.0,94546.27,94695.99,193.44762
1732719300000,94696.0,94885.0,94600.79,94833.41,246.36781
1732719600000,94833.42,94885.0,94634.85,94856.01,265.81321
1732719900000,94856.0,94890.0,94684.0,94827.38,240.35681
1732720200000,94827.37,94835.99,94500.01,94713.86,241.08562
1732720500000,94713.86,94746.04,94464.0,94649.99,233.75707
1732720800000,94649.99,94659.99,94390.46,94440.01,226.90835
1732721100000,94440.01,94565.68,94316.0,94550.07,196.81575
1732721400000,94550.07,95293.3,94500.54,95271.99,512.00507
1732721700000,95271.99,95481.02,95172.0,95245.4,657.24735
1732722000000,95245.4,95600.0,95220.0,95571.12,488.51402
1732722300000,95571.13,95624.44,95370.7,95522.87,408.02419
1732722600000,95522.87,95850.0,95522.87,95829.66,380.74291
1732722900000,95829.65,95839.14,95556.0,95556.01,234.40293
1732723200000,95556.0,95700.0,95283.91,95283.92,458.59312
1732723500000,95283.91,95726.34,95184.79,95714.18,316.57603
1732723800000,95714.17,95756.0,95406.25,95476.01,210.98221
1732724100000,95476.0,95688.0,95460.0,95672.02,135.15438
1732724400000,95672.02,95815.78,95608.01,95695.2,197.52634
1732724700000,95695.2,95850.0,95628.43,95848.18,156.8123
1732725000000,95848.17,96156.0,95796.96,96100.76,521.08187
1732725300000,96100.76,96333.1,96041.58,96120.4,509.67368
1732725600000,96120.41,96156.56,95881.84,96070.44,372.97748
1732725900000,96070.44,96147.86,95790.08,95876.2,304.69405
1732726200000,95876.2,95956.79,95681.77,95807.99,340.07097
1732726500000,95807.99,95825.4,95559.14,95689.19,211.83806
1732726800000,95689.18,95708.0,95462.53,95628.0,261.09897
1732727100000,95627.99,95800.0,95300.9,95483.58,225.42155
1732727400000,95483.58,95668.0,95460.03,95628.03,114.24298
1732727700000,95628.02,95634.9,95459.13,95557.16,129.92822
1732728000000,95557.16,95734.51,95556.0,95713.89,150.50089
1732728300000,95713.89,95888.0,95713.89,95862.35,96.4016
1732728600000,95862.35,95968.0,95804.0,95967.99,165.23441
1732728900000,95968.0,96114.66,95949.76,96067.97,174.14439
1732729200000,96067.96,96150.0,95903.75,95903.76,185.06922
1732729500000,95903.75,96150.0,95864.26,96079.36,164.90462
1732729800000,96079.37,96281.96,96056.0,96198.64,274.84148
1732730100000,96198.63,96300.0,96119.47,96247.24,230.36666
1732730400000,96247.24,96371.92,96224.06,96358.85,209.06638
1732730700000,96358.85,96407.51,96076.01,96206.98,278.18562
1732731000000,96206.99,96526.59,96148.56,96389.94,273.57888
1732731300000,96389.94,96539.33,96272.86,96419.41,257.53043
1732731600000,96419.41,96419.41,96148.0,96240.0,202.09693
1732731900000,96240.01,96312.9,96039.5,96142.86,179.08752
1732732200000,96142.86,96215.98,96004.0,96052.01,136.61993
1732732500000,96052.01,96320.0,96043.94,96308.0,120.9595
1732732800000,96308.0,96365.08,96120.21,96120.21,108.62981
1732733100000,96120.21,96204.0,96056.0,96190.99,105.72686
1732733400000,96190.99,96300.0,96132.31,96184.01,72.43464
1732733700000,96184.01,96258.61,96055.53,96119.51,239.18832
1732734000000,96119.51,96224.43,96036.06,96076.0,118.82245
1732734300000,96076.0,96140.85,95893.13,95971.99,114.93666
1732734600000,95971.99,96235.14,95970.99,96225.08,146.01981
1732734900000,96225.08,96225.09,96004.31,96199.97,117.33296
1732735200000,96199.96,96393.33,96197.0,96357.2,96.25686
1732735500000,96357.21,96415.0,96284.01,96414.99,97.86826
1732735800000,96415.0,96415.0,96250.0,96292.01,95.7301
1732736100000,96292.0,96459.82,96196.02,96381.97,115.55186
1732736400000,96381.96,96498.0,96335.26,96400.94,141.41856
1732736700000,96400.94,96432.0,96250.0,96428.58,122.77232
1732737000000,96428.59,96500.0,96325.46,96462.45,102.09964
1732737300000,96462.46,96631.68,96440.01,96627.99,165.83578
1732737600000,96627.99,96746.02,96557.81,96746.02,294.1679
1732737900000,96746.02,96800.0,96612.01,96772.02,196.7536
1732738200000,96772.02,96931.71,96725.88,96931.71,234.14409
1732738500000,96931.7,97163.34,96931.7,97087.64,368.95624
1732738800000,97087.64,97120.0,96999.07,97104.5,225.86076
1732739100000,97104.49,97208.21,97033.02,97208.2,233.93413
1732739400000,97208.21,97208.21,96864.36,97008.61,160.74288
1732739700000,97008.6,97008.61,96704.64,96772.04,251.07437
1732740000000,96772.05,96950.0,96620.01,96657.99,249.79018
1732740300000,96657.98,96707.54,96518.01,96546.63,147.41608
1732740600000,96546.63,96549.69,96363.63,96459.99,178.28304
1732740900000,96459.99,96587.31,96312.01,96482.75,228.05579
1732741200000,96482.96,96563.99,96333.33,96449.99,140.18089
1732741500000,96449.99,96451.91,96215.32,96451.9,91.39094
1732741800000,96451.9,96595.0,96451.9,96523.99,107.21383
1732742100000,96523.99,96527.38,96365.07,96411.44,123.34817
1732742400000,96411.44,96458.31,96347.99,96347.99,123.88163
1732742700000,96347.99,96347.99,96153.84,96255.38,297.86353
1732743000000,96255.38,96320.97,96182.01,96320.96,168.49892
1732743300000,96320.97,96391.98,96279.28,96307.98,70.38995
1732743600000,96307.99,96347.33,96269.84,96324.73,96.08883
1732743900000,96324.72,96324.73,96105.26,96105.26,109.13144
1732744200000,96105.26,96151.17,96052.39,96052.39,141.03506
1732744500000,96052.4,96267.87,96052.39,96267.86,118.24137
1732744800000,96267.87,96373.38,96237.6,96359.5,100.81964
1732745100000,96359.49,96371.9,96065.25,96099.99,125.26976
1732745400000,96099.98,96278.67,96060.0,96224.03,129.21677
1732745700000,96224.03,96320.0,96192.02,96202.49,48.32775
1732746000000,96202.49,96240.0,96116.01,96164.0,105.01588
1732746300000,96164.0,96476.95,96164.0,96424.0,160.40312
1732746600000,96424.0,96491.99,96333.33,96474.18,116.24327
1732746900000,96474.17,96520.0,96387.01,96387.01,95.30534
1732747200000,96387.01,96433.12,96282.99,96282.99,75.82041
1732747500000,96283.0,96283.0,96037.38,96037.38,98.21895
1732747800000,96037.38,96218.85,96035.0,96191.06,104.85809
1732748100000,96191.06,96230.87,96036.0,96047.47,69.35726
1732748400000,96047.47,96183.01,96036.86,96072.33,181.4026
1732748700000,96072.33,96143.99,96043.5,96072.0,124.05294
1732749000000,96072.0,96072.0,95817.0,95875.99,225.10885
1732749300000,95876.0,95979.04,95785.06,95785.07,224.16108
1732749600000,95785.06,95906.74,95785.06,95800.0,118.1083
1732749900000,95800.0,95939.97,95800.0,95927.97,126.08607
1732750200000,95927.98,95949.81,95817.65,95837.02,149.58884
1732750500000,95837.03,95888.89,95731.72,95821.52,188.87773
1732750800000,95821.51,96068.6,95772.0,96068.59,200.85589
1732751100000,96068.6,96084.35,95792.0,95850.02,137.58786
1732751400000,95850.02,95920.63,95804.0,95899.88,71.92099
1732751700000,95899.89,95920.0,95854.67,95863.11,36.02765
1732752000000,95863.11,95950.0,95722.22,95950.0,135.8409
1732752300000,95949.99,96028.67,95824.0,95999.99,158.62555
1732752600000,95999.99,96037.86,95788.77,95828.0,126.4477
1732752900000,95828.0,96015.77,95765.07,96005.96,128.42753
1732753200000,96005.96,96024.0,95840.06,96011.19,76.53003
1732753500000,96011.19,96023.99,95860.48,95865.01,73.15097
1732753800000,95865.01,96009.45,95865.0,96009.44,111.63608
1732754100000,96009.45,96188.07,96009.44,96188.03,114.34019
1732754400000,96188.04,96288.87,96156.04,96207.87,120.84621
1732754700000,96207.87,96295.99,96148.29,96165.02,123.79508
1732755000000,96165.01,96415.72,96148.0,96367.6,129.81855
1732755300000,96367.6,96564.0,96367.6,96552.01,130.91461
1732755600000,96552.0,96552.52,96279.42,96288.0,118.26588
1732755900000,96288.01,96428.58,96155.7,96179.98,102.56002
1732756200000,96179.98,96294.57,96179.97,96245.69,105.51625
1732756500000,96245.69,96388.0,96160.01,96165.53,102.6187
1732756800000,96165.53,96217.99,96093.36,96149.99,130.8851
1732757100000,96150.0,96295.49,96148.27,96221.8,117.83577
1732757400000,96221.8,96221.8,96084.0,96141.51,118.07247
1732757700000,96141.51,96344.5,96137.8,96292.0,107.1379
1732758000000,96292.0,96297.14,96146.87,96206.35,103.83445
1732758300000,96206.35,96316.18,96205.7,96263.3,77.6355
1732758600000,96263.3,96263.3,96092.87,96124.93,74.23746
1732758900000,96124.93,96273.95,96116.45,96273.95,71.56381
1732759200000,96273.94,96427.87,96272.0,96390.79,127.55107
1732759500000,96390.79,96404.97,96180.0,96207.98,100.14291
1732759800000,96207.99,96242.0,96152.02,96238.18,88.1756
1732760100000,96238.17,96400.0,96220.92,96400.0,98.7856
1732760400000,96399.99,96439.69,96348.04,96405.61,117.421
1732760700000,96405.62,96416.0,96283.3,96297.22,129.58776
1732761000000,96297.22,96438.57,96232.88,96344.0,137.30104
1732761300000,96343.99,96362.68,96206.45,96252.02,86.06537
1732761600000,96252.01,96252.02,96128.01,96128.01,136.79614
1732761900000,96128.01,96128.02,95956.77,96035.12,143.32824
1732762200000,96035.12,96067.46,95809.49,95836.03,159.02846
1732762500000,95836.03,95875.2,95624.01,95699.79,250.51799
1732762800000,95699.79,95789.33,95447.64,95475.77,410.85199
1732763100000,95475.77,95557.3,95385.18,95385.19,125.24476
1732763400000,95385.19,95600.0,95339.54,95572.29,108.04859
1732763700000,95572.28,95634.0,95356.0,95424.01,104.83066
1732764000000,95424.0,95424.01,95199.74,95272.01,159.91715
1732764300000,95272.01,95329.46,95066.0,95164.0,146.08595
1732764600000,95164.0,95200.0,94823.0,94984.34,304.99556
1732764900000,94984.35,95031.74,94822.54,94935.01,224.29529
1732765200000,94935.01,95218.03,94935.0,95210.95,118.94893
1732765500000,95210.95,95513.15,95210.95,95429.74,149.99093
1732765800000,95429.75,95548.54,95383.03,95491.68,106.99945
1732766100000,95491.69,95584.41,95422.97,95471.43,80.25562
1732766400000,95471.44,95585.1,95338.08,95584.98,128.22597
1732766700000,95584.97,95642.8,95508.01,95576.01,107.62976
1732767000000,95576.0,95614.59,95475.33,95567.99,125.4918
1732767300000,95568.0,95571.99,95440.27,95540.78,117.95139
1732767600000,95540.78,95692.0,95504.26,95681.66,150.33575
1732767900000,95681.66,95772.17,95681.65,95741.2,131.54595
1732768200000,95741.19,95770.53,95667.91,95732.0,121.33565
1732768500000,95732.01,95840.65,95725.93,95773.6,97.12309
1732768800000,95773.6,95811.91,95700.01,95747.98,72.35375
1732769100000,95747.99,95747.99,95586.01,95625.47,140.30558
1732769400000,95625.47,95689.94,95561.67,95689.93,83.27059
1732769700000,95689.94,95751.81,95670.18,95742.72,72.61076
1732770000000,95742.73,95922.39,95742.72,95852.06,132.30378
1732770300000,95852.06,95890.06,95761.9,95761.91,92.20025
1732770600000,95761.91,95793.66,95670.19,95673.73,101.47152
1732770900000,95673.72,95809.01,95652.15,95694.18,111.36901
1732771200000,95694.18,95766.89,95571.29,95574.6,83.79144
1732771500000,95574.59,95634.63,95516.5,95619.08,115.27308
1732771800000,95619.08,95750.0,95584.0,95696.2,90.51764
1732772100000,95696.21,95696.21,95471.36,95471.36,80.19885
1732772400000,95471.37,95514.56,95400.0,95417.74,109.91385
1732772700000,95417.75,95476.2,95350.22,95409.32,147.36597
1732773000000,95409.33,95451.56,95384.01,95406.94,94.94003
1732773300000,95406.94,95476.2,95406.93,95443.43,55.6225
1732773600000,95443.44,95500.0,95217.39,95273.5,115.54249
1732773900000,95273.49,95317.47,95150.0,95161.13,146.71691
1732774200000,95161.13,95171.64,95082.92,95130.52,132.31789
1732774500000,95130.53,95266.2,95063.15,95238.67,147.24617
1732774800000,95238.67,95281.35,95144.0,95227.84,89.59203
1732775100000,95227.83,95350.0,95227.83,95349.99,125.71827
1732775400000,95349.99,95468.55,95314.59,95446.01,155.90893
1732775700000,95446.02,95677.35,95446.02,95576.01,138.91666
1732776000000,95576.02,95623.71,95529.0,95615.17,96.62971
1732776300000,95615.17,95675.32,95576.0,95595.9,98.1424
1732776600000,95595.89,95692.0,95542.65,95542.65,94.77208
1732776900000,95542.66,95568.0,95466.99,95479.07,85.69656
1732777200000,95479.07,95520.0,95420.57,95515.99,93.86689
1732777500000,95515.99,95714.54,95507.93,95700.01,102.32844
1732777800000,95700.01,95719.98,95652.01,95687.18,100.45224
1732778100000,95687.19,95757.08,95661.52,95716.0,128.61908
1732778400000,95716.0,95749.89,95650.01,95730.16,105.83889
1732778700000,95730.16,95740.0,95565.97,95603.16,108.36138
1732779000000,95603.16,95660.0,95508.0,95524.4,96.08777
1732779300000,95524.39,95573.94,95470.09,95539.68,64.70619
1732779600000,95539.68,95568.0,95407.72,95407.73,45.20423
1732779900000,95407.73,95464.0,95343.72,95391.99,42.58193
1732780200000,95392.0,95396.0,95265.95,95265.96,57.24624
1732780500000,95265.95,95348.37,95218.01,95299.66,79.35758
1732780800000,95299.66,95400.0,95299.65,95340.6,75.09172
1732781100000,95340.6,95340.61,95110.88,95136.0,94.87412
1732781400000,95136.0,95214.29,95090.0,95196.48,68.44535
1732781700000,95196.48,95308.0,95195.08,95275.69,78.63805
1732782000000,95275.69,95407.37,95257.17,95367.65,73.87021
1732782300000,95367.66,95490.34,95367.66,95488.87,76.31919
1732782600000,95488.86,95615.45,95488.86,95489.83,98.13295
1732782900000,95489.83,95581.77,95400.0,95433.24,134.3843
1732783200000,95433.24,95433.24,95345.0,95353.7,64.11669
1732783500000,95353.69,95438.12,95315.78,95383.6,97.74736
1732783800000,95383.59,95472.41,95375.42,95385.28,29.1072
1732784100000,95385.28,95518.99,95382.01,95456.01,38.87241
1732784400000,95456.02,95507.62,95353.69,95400.5,42.12503
1732784700000,95400.5,95400.51,95184.68,95281.41,66.84577
1732785000000,95281.4,95316.0,95188.32,95196.51,73.65835
1732785300000,95196.51,95297.21,95188.32,95257.92,61.3526
1732785600000,95257.91,95311.92,95136.53,95136.53,44.47589
1732785900000,95136.53,95316.0,95136.53,95315.99,63.43177
1732786200000,95316.0,95323.44,95150.0,95217.48,58.2887
1732786500000,95217.48,95316.0,95204.01,95316.0,55.81593
1732786800000,95316.0,95412.0,95180.0,95203.99,100.27132
1732787100000,95204.0,95232.0,95152.0,95188.68,68.8528
1732787400000,95188.68,95195.96,95104.01,95104.55,76.43859
1732787700000,95104.56,95128.0,94940.1,94976.0,160.99021
1732788000000,94976.0,95031.75,94685.76,94688.0,278.49142
1732788300000,94687.99,94839.16,94640.0,94656.03,183.64127
1732788600000,94656.03,94899.0,94656.02,94820.01,134.4322
1732788900000,94820.02,94965.09,94709.01,94955.58,125.684
1732789200000,94955.59,94992.0,94880.0,94887.82,62.22535
1732789500000,94887.83,94945.97,94832.0,94937.49,88.77454
1732789800000,94937.48,95097.29,94888.0,95023.99,92.11255
1732790100000,95023.99,95141.73,95007.5,95078.67,49.28234
1732790400000,95078.66,95120.62,94998.06,95119.49,53.63144
1732790700000,95119.5,95149.61,94900.0,94939.99,276.59307
1732791000000,94939.98,94939.99,94736.0,94823.99,60.58595
1732791300000,94824.0,95099.99,94823.99,94958.74,270.49266
1732791600000,94958.74,95052.0,94812.7,95052.0,54.14266
1732791900000,95052.0,95118.42,94926.02,94968.25,65.62478
1732792200000,94968.26,95028.0,94869.36,94956.02,41.38831
1732792500000,94956.02,95083.83,94864.0,94864.12,134.48545
1732792800000,94864.12,95044.0,94760.84,95000.0,77.62464
1732793100000,95000.01,95071.66,94889.09,94915.34,95.89931
1732793400000,94915.65,95012.0,94828.0,94875.09,64.47318
1732793700000,94875.1,95024.0,94856.56,95024.0,63.79187
1732794000000,95024.0,95267.5,95007.5,95212.68,83.79423
1732794300000,95212.69,95780.0,95177.15,95732.02,314.68204
1732794600000,95732.01,95761.91,95560.3,95630.0,149.37092
1732794900000,95629.99,95652.51,95450.03,95452.01,128.65521
1732795200000,95452.0,95539.94,95382.0,95458.82,124.65907
1732795500000,95458.82,95619.96,95381.68,95600.98,72.0281
1732795800000,95600.99,95688.68,95500.09,95514.03,113.57996
1732796100000,95514.04,95586.44,95412.0,95456.91,67.78518
1732796400000,95456.9,95558.94,95415.32,95481.13,52.34147
1732796700000,95481.13,95543.98,95322.56,95360.35,72.95006
1732797000000,95360.34,95475.76,95288.94,95384.59,80.10171
1732797300000,95384.59,95384.59,95273.69,95280.52,53.2666
1732797600000,95280.52,95353.06,95271.0,95313.65,69.36807
1732797900000,95313.65,95397.32,95204.0,95335.41,89.8894
1732798200000,95335.42,95458.99,95328.0,95435.98,54.71958
1732798500000,95435.99,95579.41,95401.99,95484.01,77.88185
1732798800000,95484.01,95505.09,95153.58,95241.21,84.7357
1732799100000,95241.2,95261.81,95064.26,95188.43,121.98282
1732799400000,95188.43,95274.52,95104.46,95200.0,67.5908
1732799700000,95200.0,95239.99,95065.1,95136.99,119.33908
1732800000000,95136.98,95336.04,95116.32,95273.9,85.03919
1732800300000,95273.91,95290.59,95196.99,95259.28,56.71071
1732800600000,95259.28,95340.0,95072.28,95122.99,57.15958
1732800900000,95122.98,95293.3,95025.13,95253.42,93.09011
1732801200000,95253.42,95570.15,95220.48,95565.32,103.41412
1732801500000,95567.33,95643.66,95450.0,95595.73,117.10923
1732801800000,95595.73,95678.38,95576.01,95620.03,99.28234
1732802100000,95620.03,95777.76,95620.03,95711.25,155.00035
1732802400000,95711.24,95864.31,95622.41,95864.3,130.99195
1732802700000,95864.3,96221.8,95824.86,96039.93,315.0217
1732803000000,96039.92,96074.33,95880.0,95925.65,114.13406
1732803300000,95925.65,95944.0,95739.23,95761.23,145.80236
1732803600000,95761.24,95888.42,95530.0,95648.01,157.64615
1732803900000,95648.02,95724.0,95359.18,95528.02,149.16632
1732804200000,95528.01,95811.09,95429.9,95811.09,192.62475
1732804500000,95811.1,95882.35,95748.54,95800.0,123.52179
1732804800000,95800.0,95819.96,95556.21,95613.0,101.01932
1732805100000,95613.0,95743.99,95584.0,95704.0,91.48639
1732805400000,95704.0,95775.38,95602.17,95604.01,69.66954
1732805700000,95604.01,95639.49,95376.0,95376.04,216.63471
1732806000000,95376.03,95431.74,95188.0,95361.71,160.31771
1732806300000,95361.72,95369.96,95165.45,95240.02,138.69493
1732806600000,95240.03,95323.64,95149.91,95323.63,66.42901
1732806900000,95323.64,95424.0,95204.01,95220.0,129.01954
1732807200000,95220.0,95333.09,95060.74,95312.35,192.56519
1732807500000,95312.35,95508.94,95252.0,95454.08,180.92121
1732807800000,95454.09,95454.09,95172.78,95172.79,111.38088
1732808100000,95172.78,95274.06,95104.0,95233.49,139.89514
1732808400000,95233.49,95333.11,95090.96,95199.76,118.71174
1732808700000,95199.76,95254.16,94980.4,94994.53,136.31273
1732809000000,94994.54,95066.49,94900.0,94952.15,157.5118
1732809300000,94952.16,95085.63,94924.0,95007.14,119.78402
1732809600000,95007.15,95237.67,95007.14,95222.22,109.27873
1732809900000,95222.22,95275.64,95169.55,95204.0,75.67111
1732810200000,95204.0,95308.0,95066.52,95294.49,63.19729
1732810500000,95294.5,95308.0,95103.91,95217.74,60.25328
1732810800000,95217.74,95253.97,95120.23,95167.99,62.43939
1732811100000,95168.0,95247.17,95046.73,95061.6,79.9927
1732811400000,95061.6,95287.99,95061.6,95136.01,65.68165
1732811700000,95136.01,95182.91,95025.15,95100.99,88.4007
1732812000000,95100.99,95249.97,95032.01,95191.99,63.76786
1732812300000,95191.98,95239.88,95000.0,95011.14,78.50801
1732812600000,95011.14,95080.0,94817.0,94910.91,147.40522
1732812900000,94910.92,95000.0,94875.4,94972.0,135.37996
1732813200000,94972.0,95222.23,94956.94,95211.95,205.54324
1732813500000,95211.95,95211.96,95107.51,95174.28,109.72751
1732813800000,95174.29,95174.29,95032.71,95060.0,112.68245
1732814100000,95059.99,95164.0,95050.0,95090.0,130.05406
1732814400000,95089.99,95220.0,95040.48,95204.75,98.47641
1732814700000,95204.76,95219.99,95135.33,95219.98,54.82496
1732815000000,95219.98,95240.0,95124.85,95125.86,76.44958
1732815300000,95125.85,95131.39,95018.97,95018.98,43.79845
1732815600000,95018.97,95018.98,94850.0,94850.01,60.19254
1732815900000,94850.01,94923.87,94822.08,94871.99,61.65366
1732816200000,94871.98,94909.93,94825.46,94842.14,66.95655
1732816500000,94842.13,94919.16,94821.77,94864.31,102.23999
1732816800000,94864.32,95000.0,94854.16,94994.63,45.27291
1732817100000,94994.63,95186.2,94920.0,95164.01,186.57504
1732817400000,95164.0,95165.47,95085.02,95130.06,164.68881
1732817700000,95130.05,95150.0,95083.53,95083.53,41.98554
1732818000000,95083.54,95125.0,95072.0,95106.89,33.45532
1732818300000,95106.89,95106.9,95040.65,95099.0,30.42925
1732818600000,95098.99,95112.0,95053.35,95105.93,35.24551
1732818900000,95105.92,95110.0,95064.0,95099.99,34.99473
1732819200000,95100.0,95300.0,95099.99,95299.99,107.64917
1732819500000,95299.99,95300.0,95193.0,95267.99,43.78147
1732819800000,95267.99,95329.58,95253.97,95253.97,65.64873
1732820100000,95253.97,95300.0,95232.0,95290.21,22.26873
1732820400000,95290.21,95435.68,95272.87,95388.71,129.11994
1732820700000,95388.7,95388.71,95268.0,95268.0,57.63242
1732821000000,95268.0,95279.52,95025.13,95098.5,216.4593
1732821300000,95098.5,95161.5,95098.25,95128.46,35.50161
1732821600000,95128.45,95128.46,95025.0,95075.99,32.67162
1732821900000,95075.99,95120.0,95056.74,95087.98,23.66572
1732822200000,95087.98,95095.24,95028.35,95028.36,25.17837
1732822500000,95028.36,95120.0,95028.35,95056.13,60.61969
1732822800000,95056.13,95163.56,95024.0,95136.01,40.63054
1732823100000,95136.02,95200.0,95104.0,95180.33,39.75469
1732823400000,95180.33,95200.0,95081.86,95081.87,38.62211
1732823700000,95081.87,95119.48,95064.0,95119.48,14.39969
1732824000000,95119.48,95131.53,95050.0,95079.68,20.65367
1732824300000,95079.68,95099.65,95015.3,95054.46,19.23227
1732824600000,95054.47,95054.47,95032.19,95047.95,21.64059
1732824900000,95047.94,95067.91,94968.0,94968.01,18.61731
1732825200000,94968.01,94968.01,94900.46,94900.46,38.46902
1732825500000,94900.46,94939.0,94856.01,94868.34,44.58368
1732825800000,94868.34,94941.46,94840.0,94917.66,129.68597
1732826100000,94917.66,94917.66,94766.0,94777.78,122.57071
1732826400000,94777.78,94777.78,94698.9,94725.63,66.62939
1732826700000,94725.62,94921.04,94708.0,94910.94,79.36666
1732827000000,94910.94,94910.95,94698.0,94708.0,30.8429
1732827300000,94708.0,94866.24,94704.0,94820.01,218.53899
1732827600000,94820.0,95082.31,94809.52,95064.01,77.75504
1732827900000,95064.0,95108.0,95027.89,95099.99,99.5784
1732828200000,95099.99,95111.11,94857.88,94919.98,171.96258
1732828500000,94919.99,95068.0,94855.08,95033.79,163.43458
1732828800000,95033.79,95095.21,95022.82,95088.88,31.33052
1732829100000,95088.88,95100.0,95040.0,95092.01,110.13018
1732829400000,95092.01,95092.01,94909.01,94909.01,56.51958
1732829700000,94909.01,95084.74,94895.3,95084.73,60.14323
1732830000000,95084.74,95090.98,95035.99,95035.99,19.19623
1732830300000,95036.0,95164.0,94959.24,95091.97,127.03758
1732830600000,95091.97,95100.0,95048.0,95086.33,52.66353
1732830900000,95086.33,95100.0,95066.37,95099.99,53.78138
1732831200000,95100.0,95100.0,95039.0,95083.99,46.81747
1732831500000,95083.98,95089.99,95008.22,95086.14,35.50382
1732831800000,95086.14,95272.0,95084.04,95271.99,238.70226
1732832100000,95271.99,95385.99,95248.0,95313.3,128.23926
1732832400000,95313.31,95415.99,95299.0,95415.98,86.28353
1732832700000,95415.99,95415.99,95333.62,95335.16,67.06674
1732833000000,95335.15,95335.16,95203.55,95292.73,23.67019
1732833300000,95292.73,95535.07,95292.73,95489.29,60.37813
1732833600000,95489.28,95611.5,95400.0,95590.79,97.13523
1732833900000,95590.79,95590.8,95488.35,95563.98,48.34158
1732834200000,95563.97,95651.82,95563.97,95639.26,43.72035
1732834500000,95639.25,95651.79,95529.42,95651.79,31.58926
1732834800000,95651.78,95732.0,95530.24,95668.01,137.97974
1732835100000,95668.01,95739.0,95609.13,95718.27,75.0015
1732835400000,95718.28,95718.28,95572.36,95700.0,45.84721
1732835700000,95700.0,95758.01,95684.0,95688.14,64.86455
1732836000000,95688.15,95833.64,95622.01,95815.9,65.60707
1732836300000,95815.9,95970.46,95793.65,95896.0,89.60936
1732836600000,95896.0,96023.48,95817.15,95842.0,79.03157
1732836900000,95842.0,95842.01,95756.62,95756.62,57.20481
1732837200000,95756.63,95756.63,95662.45,95740.0,46.45649
1732837500000,95739.99,95739.99,95580.0,95635.99,72.89027
1732837800000,95636.0,95700.0,95553.45,95651.72,40.65549
1732838100000,95651.72,95696.85,95604.43,95643.98,27.74188
1732838400000,95643.99,95698.42,95580.73,95612.0,43.36546
1732838700000,95612.0,95634.93,95450.01,95467.99,90.40444
1732839000000,95467.99,95548.0,95400.0,95500.01,64.07794
1732839300000,95500.01,95634.93,95497.81,95508.0,36.94862
1732839600000,95508.0,95700.0,95489.2,95592.0,67.78117
1732839900000,95592.0,95623.81,95502.0,95575.99,60.42425
1732840200000,95576.0,95660.0,95465.3,95634.93,37.72723
1732840500000,95634.93,95800.0,95634.92,95781.8,33.55451
1732840800000,95781.8,95820.0,95756.01,95762.02,75.32729
1732841100000,95762.02,95825.4,95741.41,95742.09,44.09493
1732841400000,95742.09,95776.6,95364.99,95411.99,58.63877
1732841700000,95412.0,95556.0,95411.99,95476.01,31.30846
1732842000000,95476.0,95571.43,95430.15,95550.01,63.46702
1732842300000,95550.02,95651.82,95492.01,95615.99,60.43311
1732842600000,95615.99,95615.99,95407.2,95490.27,35.80352
1732842900000,95490.27,95600.0,95480.0,95519.98,41.88061
1732843200000,95519.99,95769.62,95512.29,95696.01,54.55039
1732843500000,95696.01,95790.72,95680.0,95769.92,61.19869
1732843800000,95769.92,95785.22,95668.0,95701.92,53.90812
1732844100000,95701.92,95707.04,95584.01,95647.99,27.05109
1732844400000,95648.0,95758.03,95596.01,95742.5,32.00874
1732844700000,95742.51,95793.66,95696.93,95709.09,33.10533
1732845000000,95709.09,95888.0,95709.08,95875.79,29.96962
1732845300000,95875.79,95970.56,95875.78,95920.0,48.88772
1732845600000,95920.01,96172.15,95903.93,96172.15,97.92836
1732845900000,96172.14,96190.09,96104.79,96163.21,101.53673
1732846200000,96163.21,96612.82,96163.21,96451.98,270.57564
1732846500000,96451.98,96511.99,96232.0,96291.96,104.98127
1732846800000,96291.97,96420.0,96260.0,96271.98,64.6408
1732847100000,96271.98,96494.63,96271.98,96422.36,73.82429
1732847400000,96422.37,96512.0,96334.6,96399.99,64.76704
1732847700000,96400.0,96500.0,96361.31,96500.0,64.06826
1732848000000,96500.0,96800.0,96452.91,96680.0,142.17656
1732848300000,96680.01,96859.0,96672.01,96759.98,130.47763
1732848600000,96759.99,96846.66,96689.23,96751.45,87.05618
1732848900000,96751.44,96799.98,96700.0,96739.98,63.31581
1732849200000,96739.99,96812.24,96632.0,96671.99,126.17495
1732849500000,96672.0,96783.98,96671.99,96688.87,64.54251
1732849800000,96688.88,96763.63,96656.0,96671.16,57.63508
1732850100000,96671.17,96686.7,96488.71,96571.06,91.08806
1732850400000,96571.05,96572.0,96436.51,96464.06,75.91794
1732850700000,96464.06,96547.99,96464.05,96493.83,50.74762
1732851000000,96493.82,96625.81,96485.26,96598.51,48.82335
1732851300000,96598.51,96667.08,96589.79,96632.84,40.71784
1732851600000,96632.84,96731.0,96625.7,96684.0,40.66676
1732851900000,96684.0,96684.0,96579.31,96579.31,47.12222
1732852200000,96579.31,96677.12,96576.0,96603.99,74.19761
1732852500000,96603.98,96647.28,96536.0,96590.36,39.87697
1732852800000,96590.35,96630.09,96536.0,96545.25,88.15619
1732853100000,96545.25,96545.26,96404.0,96404.01,45.37363
1732853400000,96404.0,96444.0,96363.72,96413.35,99.17863
1732853700000,96413.35,96440.0,96372.01,96396.84,41.12997
1732854000000,96396.83,96396.84,96311.99,96327.4,40.22256
1732854300000,96327.41,96363.75,96308.22,96327.26,29.36377
1732854600000,96327.26,96365.08,96245.34,96301.57,38.99023
1732854900000,96301.57,96323.99,96236.99,96285.64,23.43594
1732855200000,96285.64,96301.57,96255.99,96301.57,19.87732
1732855500000,96301.58,96377.73,96272.0,96354.66,48.63561
1732855800000,96354.67,96423.99,96337.99,96338.0,53.4235
1732856100000,96338.0,96352.11,96247.2,96263.83,61.31517
1732856400000,96263.84,96286.45,96237.49,96262.38,28.00421
1732856700000,96262.37,96289.3,96204.68,96252.01,47.92572
1732857000000,96252.01,96340.0,96224.57,96316.01,54.42905
1732857300000,96316.02,96412.41,96312.01,96335.98,42.31532
1732857600000,96335.99,96540.71,96335.98,96484.32,69.82071
1732857900000,96484.32,96520.99,96460.31,96460.32,53.41985
1732858200000,96460.32,96468.0,96371.48,96377.94,22.21666
1732858500000,96377.95,96476.55,96377.53,96458.11,53.2565
1732858800000,96458.11,96491.46,96444.59,96448.01,20.10849
1732859100000,96448.0,96448.0,96294.55,96304.17,25.58232
1732859400000,96304.17,96349.47,96303.1,96344.0,37.9807
1732859700000,96344.0,96354.33,96153.85,96153.86,60.31415
1732860000000,96153.86,96229.83,96153.85,96208.28,46.75111
1732860300000,96208.29,96358.0,96208.28,96338.89,32.97466
1732860600000,96338.88,96338.88,96032.75,96049.23,79.73036
1732860900000,96049.23,96120.62,95997.85,96060.19,75.39502
1732861200000,96060.19,96132.0,96050.67,96100.01,77.30709
1732861500000,96100.0,96247.72,96099.24,96247.72,36.76276
1732861800000,96247.71,96357.65,96228.01,96264.79,67.13683
1732862100000,96264.79,96268.0,96131.24,96132.23,38.1003
1732862400000,96132.24,96191.93,96112.73,96191.92,40.36661
1732862700000,96191.92,96259.44,96150.0,96245.3,37.95209
1732863000000,96245.3,96245.31,96102.0,96102.0,62.93871
1732863300000,96102.0,96267.98,96100.54,96266.19,30.67036
1732863600000,96266.18,96269.85,96148.6,96254.09,42.96196
1732863900000,96254.08,96416.34,96237.45,96369.8,64.2161
1732864200000,96369.8,96370.76,96289.91,96327.99,36.83724
1732864500000,96327.99,96328.0,96064.32,96071.51,62.29962
1732864800000,96071.52,96087.16,95963.46,96037.66,98.89219
1732865100000,96037.67,96090.59,96008.09,96083.45,54.32706
1732865400000,96083.44,96120.62,95912.0,95965.29,134.36323
1732865700000,95965.28,95965.29,95848.03,95868.49,146.81425
1732866000000,95868.48,95871.35,95804.93,95804.93,125.06156
1732866300000,95804.93,95804.93,95736.38,95771.99,180.90768
1732866600000,95771.99,95772.0,95689.14,95708.5,125.7241
1732866900000,95708.5,95708.5,95600.03,95625.05,114.0159
1732867200000,95625.05,95756.7,95616.0,95727.79,135.85896
1732867500000,95727.79,95910.84,95700.0,95894.1,123.48187
1732867800000,95894.09,95904.68,95777.0,95777.0,43.57346
1732868100000,95777.0,95851.89,95768.54,95772.0,48.79233
1732868400000,95772.01,95815.14,95723.24,95767.99,45.06208
1732868700000,95767.99,95850.0,95761.9,95836.0,29.98841
1732869000000,95836.0,95854.25,95759.33,95823.99,49.7173
1732869300000,95824.0,95935.32,95823.99,95895.77,78.58675
1732869600000,95895.77,95962.56,95894.83,95917.37,44.90768
1732869900000,95917.37,95934.01,95856.37,95906.77,44.09202
1732870200000,95906.77,95964.4,95880.54,95901.18,57.21486
1732870500000,95901.19,95998.76,95901.18,95979.99,50.45909
1732870800000,95980.0,95997.6,95913.4,95942.46,45.59996
1732871100000,95942.47,95983.2,95876.0,95904.33,63.6476
1732871400000,95904.32,95924.0,95870.71,95913.74,30.02377
1732871700000,95913.75,96105.53,95913.74,96105.53,59.05416
1732872000000,96105.53,96165.04,96079.36,96120.01,86.34144
1732872300000,96120.01,96141.0,96114.96,96135.34,26.66461
1732872600000,96135.35,96300.0,96090.79,96300.0,94.4937
1732872900000,96299.99,96385.27,96226.65,96385.26,131.85744
1732873200000,96385.26,96482.61,96298.78,96477.31,157.83695
1732873500000,96477.31,96478.94,96352.0,96352.0,64.42602
1732873800000,96352.01,96352.01,96304.0,96306.96,46.85214
1732874100000,96306.97,96365.08,96300.38,96355.39,44.71393
1732874400000,96355.39,96439.38,96293.61,96439.37,183.78907
1732874700000,96439.38,96621.8,96404.81,96608.01,118.70805
1732875000000,96608.01,96732.0,96604.0,96631.56,136.474
1732875300000,96631.55,96636.0,96532.94,96595.7,52.72574
1732875600000,96595.7,96610.36,96509.28,96538.76,65.85741
1732875900000,96538.76,96612.0,96532.26,96548.36,85.07232
1732876200000,96548.35,96599.99,96532.01,96599.99,38.49043
1732876500000,96600.0,96765.02,96599.99,96698.05,73.56228
1732876800000,96698.05,96800.0,96662.45,96800.0,72.65201
1732877100000,96800.0,96824.02,96757.65,96765.67,91.08234
1732877400000,96765.67,96838.97,96737.63,96752.0,104.8536
1732877700000,96751.99,96849.0,96751.99,96844.01,93.26446
1732878000000,96844.0,96849.0,96666.41,96699.99,115.87994
1732878300000,96700.0,96724.0,96649.09,96671.99,46.76198
1732878600000,96671.99,96688.0,96578.14,96628.6,54.33632
1732878900000,96628.59,96729.97,96573.88,96573.88,80.90989
1732879200000,96573.88,96789.09,96548.0,96789.09,110.3406
1732879500000,96789.08,96992.0,96789.08,96976.03,134.44074
1732879800000,96976.03,97077.0,96976.02,97076.99,254.71409
1732880100000,97076.99,97100.0,96948.0,96950.35,168.44354
1732880400000,96950.36,97150.0,96928.7,97112.02,113.51351
1732880700000,97112.02,97358.21,97102.3,97311.83,203.16386
1732881000000,97311.82,97351.32,97223.0,97314.59,96.67792
1732881300000,97314.59,97319.79,97208.82,97237.91,65.47414
1732881600000,97237.91,97324.0,97200.11,97290.32,121.27009
1732881900000,97290.32,97397.75,97284.06,97387.83,135.58752
1732882200000,97387.84,97454.48,97365.4,97400.01,142.18464
1732882500000,97400.01,97500.0,97306.85,97339.99,339.17521
1732882800000,97339.99,97469.92,97252.88,97252.88,279.35273
1732883100000,97252.88,97280.0,97170.27,97213.02,98.67799
1732883400000,97213.02,97268.62,97100.0,97131.98,108.5968
1732883700000,97131.97,97144.0,97005.42,97031.48,182.73901
1732884000000,97031.48,97122.48,96970.65,96972.0,89.54284
1732884300000,96972.0,97024.0,96950.0,96952.38,84.84088
1732884600000,96952.38,97024.37,96876.82,96980.01,83.21456
1732884900000,96980.01,97000.0,96896.0,96929.07,46.05759
1732885200000,96929.07,96929.08,96810.12,96812.01,74.43263
1732885500000,96812.01,97028.0,96800.0,97016.08,73.38595
1732885800000,97016.08,97069.42,96900.0,96927.99,87.77346
1732886100000,96927.99,96927.99,96768.0,96851.99,65.64088
1732886400000,96851.99,96880.0,96778.2,96808.06,35.24299
1732886700000,96808.07,96850.0,96768.0,96829.16,42.2592
1732887000000,96829.16,97000.0,96829.16,96947.85,60.62631
1732887300000,96947.84,97047.61,96932.0,97044.64,64.98352
1732887600000,97044.64,97100.0,96938.25,97031.93,66.95746
1732887900000,97031.93,97099.0,97000.0,97081.31,41.82908
1732888200000,97081.31,97174.73,97063.99,97143.42,54.87003
1732888500000,97143.42,97259.27,97100.95,97223.36,65.98178
1732888800000,97223.35,97265.45,97122.1,97170.01,105.22604
1732889100000,97170.0,97197.99,97006.47,97029.55,89.70514
1732889400000,97029.55,97059.96,97000.0,97052.03,51.36729
1732889700000,97052.02,97052.03,96916.66,97037.68,89.28422
1732890000000,97037.68,97174.61,97031.05,97133.62,72.02286
1732890300000,97133.63,97250.06,97133.62,97246.56,69.859
1732890600000,97246.56,97395.12,97139.62,97236.03,209.51029
1732890900000,97236.03,97584.0,97182.14,97584.0,257.3784
1732891200000,97583.99,97584.0,97352.81,97549.75,184.81622
1732891500000,97549.75,97685.62,97480.0,97591.76,265.82765
1732891800000,97591.75,97869.38,97563.37,97867.93,575.22441
1732892100000,97867.93,98052.0,97731.6,98002.01,621.26223
1732892400000,98002.01,98123.0,97885.8,98086.89,468.33945
1732892700000,98086.88,98300.0,98066.71,98276.0,524.59351
1732893000000,98275.99,98546.8,98227.46,98500.0,622.98871
1732893300000,98500.0,98587.98,98344.27,98578.43,330.89567
1732893600000,98578.42,98619.99,98277.86,98449.46,260.96893
1732893900000,98449.46,98451.99,98085.89,98085.89,212.75261
1732894200000,98085.9,98179.64,97696.46,97752.02,405.99828
1732894500000,97752.02,98028.44,97685.46,98003.96,195.70802
1732894800000,98003.96,98287.35,97954.47,98192.0,222.38633
1732895100000,98192.0,98206.35,98014.65,98163.99,148.94499
1732895400000,98163.99,98407.29,98088.0,98353.85,273.24709
1732895700000,98353.84,98424.77,98010.0,98019.47,154.04584
1732896000000,98019.46,98255.76,98019.46,98250.45,187.43176
1732896300000,98250.45,98343.53,98100.0,98195.99,145.68178
1732896600000,98196.0,98308.0,98072.28,98101.0,141.62886
1732896900000,98100.99,98173.36,97700.0,97825.39,244.80939
1732897200000,97825.4,98093.56,97732.67,98054.72,158.65797
1732897500000,98054.72,98198.18,97964.35,98198.18,108.28171
1732897800000,98198.18,98440.0,98135.92,98135.92,284.50496
1732898100000,98135.92,98135.92,97801.53,97979.53,187.27771
1732898400000,97979.98,98127.68,97904.76,98063.98,184.25184
1732898700000,98063.99,98079.14,97850.0,97963.99,87.61016
1732899000000,97964.0,98050.0,97813.55,97883.18,116.48802
1732899300000,97883.17,97883.17,97730.27,97779.99,150.51049
1732899600000,97779.99,97810.0,97665.01,97787.96,260.55943
1732899900000,97787.96,97787.96,97237.92,97336.02,372.05615
1732900200000,97336.02,97355.97,97116.17,97143.99,181.20934
1732900500000,97143.99,97299.38,97105.84,97115.76,218.06163
1732900800000,97115.76,97190.47,97021.0,97076.01,229.0966
1732901100000,97076.0,97212.0,96952.0,97039.99,169.20857
1732901400000,97039.99,97375.14,97009.5,97317.05,219.27471
1732901700000,97317.05,97326.78,96964.01,97009.79,120.76013
1732902000000,97009.8,97244.0,97009.8,97111.47,71.98062
1732902300000,97111.47,97333.26,97101.76,97292.83,79.76365
1732902600000,97292.83,97333.79,97191.66,97195.23,85.11524
1732902900000,97195.22,97195.23,96964.01,96968.29,105.93957
1732903200000,96968.28,97035.88,96912.1,96912.11,80.5978
1732903500000,96912.11,97073.07,96907.11,96907.11,89.31329
1732903800000,96907.12,97163.03,96853.82,97128.0,106.4677
1732904100000,97128.0,97215.53,97108.0,97180.95,102.11654
1732904400000,97180.94,97200.0,97074.87,97190.94,132.23056
1732904700000,97190.94,97283.25,97178.0,97246.93,97.22372
1732905000000,97246.93,97310.71,97243.12,97298.87,74.77847
1732905300000,97298.88,97336.0,97140.01,97159.57,59.7206
1732905600000,97159.58,97304.0,97159.57,97252.02,90.57508
1732905900000,97252.01,97359.36,97244.54,97324.97,57.20726
1732906200000,97324.97,97356.0,97200.0,97213.46,69.39097
1732906500000,97213.45,97213.45,97108.43,97175.99,38.5889
1732906800000,97175.99,97190.48,96950.72,96962.0,76.9046
1732907100000,96962.0,97038.97,96937.54,97030.79,46.37054
1732907400000,97030.79,97035.28,96900.0,96900.0,55.15801
1732907700000,96900.0,97097.86,96879.53,97047.99,82.39076
1732908000000,97047.98,97087.53,96972.0,97044.02,44.74711
1732908300000,97044.02,97116.03,97013.85,97088.64,32.91329
1732908600000,97088.64,97316.0,97066.26,97288.0,51.00709
1732908900000,97288.01,97343.18,97273.85,97307.98,73.32264
1732909200000,97307.99,97307.99,97161.1,97230.43,90.31186
1732909500000,97230.44,97481.77,97204.0,97228.01,159.13116
1732909800000,97228.0,97401.6,97228.0,97400.58,83.88655
1732910100000,97400.58,97404.0,97300.27,97329.73,88.84243
1732910400000,97329.73,97335.1,97230.28,97254.0,55.15002
1732910700000,97254.0,97292.94,97200.0,97219.98,75.03455
1732911000000,97219.98,97365.7,97219.98,97356.01,56.78329
1732911300000,97356.01,97397.0,97320.0,97397.0,50.38116
1732911600000,97397.0,97443.96,97392.0,97403.16,76.52777
1732911900000,97403.16,97480.0,97392.93,97480.0,67.1722
1732912200000,97480.0,97491.96,97400.0,97482.87,74.88201
1732912500000,97482.88,97624.62,97482.87,97558.99,69.13239
1732912800000,97559.79,97584.0,97474.08,97476.0,61.73651
1732913100000,97476.0,97498.42,97396.01,97402.01,37.5219
1732913400000,97402.0,97412.7,97312.0,97312.0,46.17973
1732913700000,97312.0,97322.51,97293.24,97307.98,53.97121
1732914000000,97307.98,97395.03,97270.86,97376.12,54.21294
1732914300000,97376.13,97428.0,97307.26,97321.47,17.27234
1732914600000,97321.47,97359.59,97308.84,97308.84,29.87831
1732914900000,97308.84,97328.0,97210.0,97210.0,35.85017
1732915200000,97210.01,97210.01,96981.01,97031.99,90.65876
1732915500000,97032.0,97230.0,97031.99,97212.02,62.49558
1732915800000,97212.02,97246.29,97174.59,97187.99,33.15784
1732916100000,97187.99,97259.07,97139.43,97230.32,30.84524
1732916400000,97230.32,97284.0,97212.0,97263.99,26.31243
1732916700000,97264.0,97355.95,97263.99,97324.0,30.32643
1732917000000,97324.01,97363.62,97300.52,97363.15,22.17764
1732917300000,97363.14,97395.97,97324.01,97386.07,69.10366
1732917600000,97386.07,97400.0,97336.0,97336.01,46.18587
1732917900000,97336.0,97395.64,97318.33,97376.26,36.78297
1732918200000,97376.26,97421.12,97346.94,97365.14,44.10784
1732918500000,97365.14,97419.77,97330.15,97371.99,60.44278
1732918800000,97371.98,97371.99,97232.0,97232.01,31.379
1732919100000,97232.01,97330.01,97232.0,97330.0,49.29853
1732919400000,97330.0,97442.83,97330.0,97439.99,34.25328
1732919700000,97439.99,97477.01,97439.99,97448.02,24.97262
1732920000000,97448.01,97476.27,97421.06,97430.1,25.25629
1732920300000,97430.1,97468.45,97429.88,97468.45,9.36545
1732920600000,97468.44,97468.45,97257.37,97257.37,28.75322
1732920900000,97257.38,97359.4,97246.06,97292.69,47.50442
1732921200000,97292.69,97353.97,97158.59,97163.23,131.97928
1732921500000,97163.24,97234.02,97111.47,97219.99,122.30858
1732921800000,97219.99,97285.72,97180.0,97238.54,89.82306
1732922100000,97238.54,97331.6,97208.0,97325.24,73.79584
1732922400000,97325.24,97343.99,97270.83,97286.49,90.64727
1732922700000,97286.49,97317.47,97241.92,97264.01,79.29292
1732923000000,97264.01,97388.88,97261.05,97335.22,60.34542
1732923300000,97335.22,97383.89,97335.22,97383.48,48.05463
1732923600000,97383.48,97411.55,97336.01,97355.73,47.72837
1732923900000,97355.74,97355.74,97287.6,97291.28,42.7053
1732924200000,97291.28,97412.7,97287.61,97391.99,51.5827
1732924500000,97392.0,97486.27,97372.0,97460.0,57.32477
1732924800000,97460.0,97463.95,97302.97,97317.5,29.18413
1732925100000,97317.5,97318.67,97247.62,97287.99,63.00239
1732925400000,97287.99,97288.0,97224.01,97236.36,45.68808
1732925700000,97236.36,97251.79,97189.85,97209.79,82.80084
1732926000000,97209.8,97361.65,97189.85,97317.46,118.89399
1732926300000,97317.46,97355.99,97248.0,97248.18,36.36562
1732926600000,97248.18,97268.44,97111.47,97120.01,63.11402
1732926900000,97120.0,97171.73,97040.75,97063.5,52.24878
1732927200000,97063.5,97083.99,96956.0,96984.01,82.25881
1732927500000,96984.01,97077.05,96960.5,97058.05,78.71642
1732927800000,97058.06,97058.06,96956.34,96988.41,32.94963
1732928100000,96988.4,97023.5,96946.06,96968.06,28.72949
1732928400000,96968.06,96968.07,96864.26,96864.27,28.84933
1732928700000,96864.27,96884.74,96753.0,96804.51,110.41881
1732929000000,96804.51,96832.0,96749.25,96782.01,45.43205
1732929300000,96782.02,96800.0,96697.36,96724.0,72.14347
1732929600000,96723.99,96740.0,96621.39,96691.0,137.6229
1732929900000,96690.99,96777.78,96648.0,96700.78,59.97306
1732930200000,96700.78,96807.5,96652.01,96757.9,74.28158
1732930500000,96757.9,96853.4,96716.11,96748.0,113.34721
1732930800000,96748.01,96748.01,96647.97,96660.01,76.90454
1732931100000,96660.0,96735.63,96501.0,96508.01,96.66278
1732931400000,96508.0,96600.0,96472.82,96512.03,73.12503
1732931700000,96512.03,96610.47,96425.21,96425.22,84.16292
1732932000000,96425.22,96538.91,96362.24,96384.0,116.00262
1732932300000,96383.99,96446.27,96309.85,96421.49,72.53791
1732932600000,96421.49,96593.34,96421.48,96580.0,75.6612
1732932900000,96580.0,96587.17,96508.12,96508.13,73.91623
1732933200000,96508.13,96508.13,96424.0,96424.34,54.38844
1732933500000,96424.34,96581.39,96416.01,96557.15,100.49025
1732933800000,96557.16,96703.68,96557.15,96611.01,51.70085
1732934100000,96611.01,96639.97,96469.4,96592.0,50.8701
1732934400000,96592.0,96596.0,96517.46,96539.99,28.68113
1732934700000,96539.99,96649.91,96516.0,96644.16,30.30044
1732935000000,96644.17,96675.58,96571.72,96601.27,41.04518
1732935300000,96601.26,96615.98,96578.3,96609.21,28.51332
1732935600000,96609.2,96628.0,96553.09,96628.0,63.85539
1732935900000,96628.0,96628.0,96551.71,96603.11,44.75049
1732936200000,96603.1,96708.44,96587.3,96690.31,41.30662
1732936500000,96689.56,96689.56,96572.0,96572.01,76.54162
1732936800000,96572.01,96578.1,96500.0,96500.0,37.89593
1732937100000,96500.01,96527.99,96394.56,96447.64,93.69922
1732937400000,96447.63,96520.0,96430.0,96519.99,38.65746
1732937700000,96519.99,96531.79,96472.0,96531.79,36.00741
1732938000000,96531.79,96575.41,96493.56,96563.85,39.28848
1732938300000,96563.85,96649.85,96510.59,96632.0,43.46174
1732938600000,96632.0,96655.9,96604.61,96644.17,59.96699
1732938900000,96644.16,96669.0,96614.34,96640.02,66.1595
1732939200000,96640.02,96730.66,96621.12,96730.66,61.72632
1732939500000,96730.66,96730.66,96682.0,96686.58,21.31278
1732939800000,96686.59,96718.52,96652.64,96670.25,19.09721
1732940100000,96670.26,96729.21,96619.76,96729.2,33.75412
1732940400000,96729.2,96729.21,96652.5,96684.84,36.94727
1732940700000,96684.84,96684.84,96611.32,96611.33,14.99848
1732941000000,96611.33,96640.0,96600.0,96600.0,34.71915
1732941300000,96600.0,96600.01,96532.7,96579.95,34.20168
1732941600000,96579.94,96619.05,96575.05,96619.05,13.10405
1732941900000,96619.04,96694.14,96619.04,96670.58,21.29711
1732942200000,96670.59,96673.5,96639.12,96673.5,50.69673
1732942500000,96673.49,96680.18,96656.01,96680.18,34.5487
1732942800000,96680.18,96790.84,96680.17,96739.0,54.37056
1732943100000,96739.01,96765.66,96712.76,96750.15,50.50855
1732943400000,96750.15,96776.0,96726.48,96775.99,29.85023
1732943700000,96775.99,96884.0,96775.99,96844.0,39.16891
1732944000000,96844.0,96856.7,96781.3,96852.0,33.0753
1732944300000,96851.99,96852.0,96806.75,96811.99,27.3344
1732944600000,96811.99,96812.0,96700.0,96700.0,66.30694
1732944900000,96700.0,96825.56,96700.0,96782.0,43.51012
1732945200000,96782.01,96820.49,96782.0,96805.08,49.8003
1732945500000,96805.09,96918.88,96800.0,96915.01,71.62992
1732945800000,96915.0,96948.94,96911.0,96938.88,37.75042
1732946100000,96938.89,97183.51,96938.88,97102.32,133.18665
1732946400000,97102.33,97102.33,97027.02,97045.32,84.46008
1732946700000,97045.31,97045.32,96950.3,97002.43,163.72551
1732947000000,97002.42,97234.02,96836.01,96865.97,448.56252
1732947300000,96865.97,96940.0,96658.99,96880.0,229.13154
1732947600000,96880.01,97016.0,96872.0,96932.96,73.37809
1732947900000,96932.97,96964.0,96862.76,96862.76,78.49691
1732948200000,96862.77,96895.92,96764.7,96764.71,105.95517
1732948500000,96764.7,96815.09,96733.0,96808.99,90.0758
1732948800000,96808.98,96960.9,96808.98,96949.29,48.36818
1732949100000,96949.29,96949.3,96875.78,96937.69,54.30974
1732949400000,96937.69,96979.8,96602.0,96617.24,126.61767
1732949700000,96617.24,96667.99,96604.35,96639.66,68.86838
1732950000000,96639.67,96719.37,96550.25,96667.21,72.68068
1732950300000,96667.22,96772.0,96660.01,96767.98,178.2068
1732950600000,96767.98,96803.99,96699.99,96764.43,113.3204
1732950900000,96764.44,96820.0,96728.0,96781.99,42.49332
1732951200000,96781.98,96824.0,96768.37,96799.4,40.19431
1732951500000,96799.41,96799.41,96717.91,96732.87,32.8492
1732951800000,96732.87,96776.2,96724.0,96730.44,44.05742
1732952100000,96730.45,96878.09,96730.44,96867.17,59.4653
1732952400000,96867.16,96897.95,96843.95,96867.87,46.52469
1732952700000,96867.86,96920.0,96818.04,96832.39,79.13903
1732953000000,96832.39,96858.33,96801.67,96824.0,74.70134
1732953300000,96824.0,96824.0,96770.0,96783.38,28.91316
1732953600000,96783.38,96823.23,96733.67,96734.65,62.74646
1732953900000,96734.64,96746.04,96699.97,96746.04,71.07506
1732954200000,96746.03,96841.27,96732.68,96841.26,38.74523
1732954500000,96841.26,96968.78,96840.9,96967.21,51.94387
1732954800000,96967.21,96967.21,96898.27,96953.04,51.85197
1732955100000,96953.04,96955.99,96920.0,96953.04,40.97269
1732955400000,96953.03,96953.04,96898.01,96915.99,42.63248
1732955700000,96915.98,96915.99,96800.92,96843.98,64.67291
1732956000000,96843.98,96911.98,96825.15,96902.49,37.99521
1732956300000,96902.49,96936.51,96899.08,96903.01,42.86927
1732956600000,96903.0,96954.9,96892.0,96954.89,26.94597
1732956900000,96954.89,96958.91,96932.0,96953.49,39.14931
1732957200000,96953.48,96953.49,96784.34,96809.58,78.5205
1732957500000,96809.57,96809.58,96725.83,96768.37,47.1443
1732957800000,96768.38,96776.0,96744.0,96775.99,37.08656
1732958100000,96776.0,96783.14,96712.31,96749.99,42.60126
1732958400000,96749.99,96750.0,96686.54,96686.55,58.31705
1732958700000,96686.54,96703.55,96669.9,96669.91,35.23604
1732959000000,96669.91,96669.91,96624.82,96626.33,50.65566
1732959300000,96626.32,96676.0,96617.05,96671.68,54.60138
1732959600000,96671.68,96671.69,96637.03,96666.31,21.63133
1732959900000,96666.31,96749.79,96665.17,96732.0,38.28004
1732960200000,96732.0,96764.0,96732.0,96763.99,22.5442
1732960500000,96763.99,96800.0,96754.85,96779.98,22.42587
1732960800000,96779.98,96779.99,96720.0,96720.01,35.35527
1732961100000,96720.0,96800.0,96694.61,96766.02,50.48041
1732961400000,96766.03,96802.79,96766.02,96774.31,36.34759
1732961700000,96774.3,96774.31,96500.0,96500.0,111.71657
1732962000000,96500.0,96536.0,96456.0,96502.37,64.71958
1732962300000,96502.36,96560.0,96472.0,96500.0,59.9526
1732962600000,96500.0,96515.68,96368.37,96455.15,115.23031
1732962900000,96455.14,96483.43,96366.14,96366.15,47.21322
1732963200000,96366.14,96400.31,96358.5,96386.81,50.1685
1732963500000,96386.8,96401.87,96172.0,96243.99,151.45621
1732963800000,96244.0,96275.99,96159.45,96228.8,47.48897
1732964100000,96228.79,96228.8,96121.0,96137.48,67.55561
1732964400000,96137.48,96254.38,96092.01,96253.32,75.21924
1732964700000,96253.32,96320.0,96234.3,96302.69,40.45261
1732965000000,96302.69,96320.0,96243.48,96275.88,113.48937
1732965300000,96275.89,96321.0,96275.88,96321.0,30.34034
1732965600000,96320.99,96347.37,96320.99,96346.36,47.00656
1732965900000,96346.35,96362.74,96300.0,96362.73,33.26866
1732966200000,96362.73,96408.0,96322.01,96407.99,26.84763
1732966500000,96407.99,96444.0,96340.17,96350.37,63.80966
1732966800000,96350.36,96350.37,96288.0,96311.01,29.18675
1732967100000,96311.01,96331.67,96311.0,96329.98,20.22294
1732967400000,96329.98,96332.0,96261.22,96261.23,25.94385
1732967700000,96261.22,96268.0,96245.31,96267.99,21.49831
1732968000000,96267.99,96357.05,96242.14,96357.05,32.41222
1732968300000,96357.04,96390.0,96357.04,96390.0,16.65871
1732968600000,96390.0,96390.0,96356.0,96366.01,23.03987
1732968900000,96366.0,96475.99,96342.96,96473.39,27.14433
1732969200000,96473.39,96488.77,96461.3,96487.61,43.227
1732969500000,96487.6,96508.77,96482.99,96483.0,26.03669
1732969800000,96482.99,96555.51,96468.3,96551.65,20.39615
1732970100000,96551.65,96561.23,96504.42,96504.43,32.34523
1732970400000,96504.42,96544.0,96504.42,96512.22,26.72267
1732970700000,96512.22,96543.11,96470.72,96470.73,45.36657
1732971000000,96470.72,96563.98,96460.24,96460.24,85.44015
1732971300000,96460.24,96553.24,96460.24,96553.23,40.22414
1732971600000,96553.23,96619.98,96525.24,96601.37,82.8508
1732971900000,96601.36,96601.37,96528.0,96540.32,46.60138
1732972200000,96540.31,96637.98,96525.24,96637.98,44.08189
1732972500000,96637.98,96682.54,96615.23,96615.24,44.15435
1732972800000,96615.24,96650.0,96592.05,96649.99,76.92467
