unixtime,open,high,low,close,volume,label
1720094400000,57748.4,58350.0,56750.0,58137.6,110723.819,-1.0
1720108800000,58137.5,58653.4,57735.7,58267.0,42553.649,-1.0
1720123200000,58266.9,58800.0,56560.0,57045.9,49008.207,0.0
1720137600000,57045.9,57533.4,54918.3,55214.6,163719.762,0.0
1720152000000,55214.7,55350.0,53329.5,54389.4,128635.582,1.0
1720166400000,54389.4,55629.7,53870.4,55458.9,78963.666,0.0
1720180800000,55459.0,56663.5,54822.9,56637.5,106044.317,0.0
1720195200000,56637.5,57000.0,55781.8,56446.2,83444.612,0.0
1720209600000,56446.1,56847.0,56300.0,56604.9,16385.656,0.0
1720224000000,56604.9,56975.0,56157.3,56388.3,30655.656,0.0
1720238400000,56388.4,56660.0,56000.0,56571.1,26523.01,0.0
1720252800000,56571.1,56850.0,56412.5,56713.2,17676.392,0.0
1720267200000,56713.2,57420.0,56475.7,57285.4,38884.253,0.0
1720281600000,57285.4,58089.9,57150.0,57834.8,37978.044,0.0
1720296000000,57834.9,58472.0,57792.2,58216.0,26862.667,-1.0
1720310400000,58216.0,58443.0,57820.0,57943.9,38936.027,0.0
1720324800000,57944.0,57990.3,57041.7,57344.4,37722.788,0.0
1720339200000,57344.5,57899.9,57331.2,57436.9,23278.542,0.0
1720353600000,57436.9,57600.0,56555.1,56806.2,42475.284,0.0
1720368000000,56806.2,57372.2,56723.0,57133.9,22235.384,0.0
1720382400000,57133.9,57301.8,55688.0,55830.9,45713.956,0.0
1720396800000,55831.0,55999.0,54243.1,55136.6,97328.846,0.0
1720411200000,55136.6,55878.0,54935.3,55828.4,40128.204,0.0
1720425600000,55828.4,58200.0,55715.2,57137.3,124398.512,0.0
1720440000000,57137.3,57629.3,54890.0,55736.8,131119.632,1.0
1720454400000,55736.8,56550.0,55400.5,56462.3,44260.458,0.0
1720468800000,56462.9,56955.0,56175.4,56686.4,26871.305,0.0
1720483200000,56686.4,57350.0,56256.2,57139.5,45966.233,0.0
1720497600000,57139.5,57744.8,57000.0,57102.5,36022.582,0.0
1720512000000,57102.5,57899.9,57000.0,57407.1,42043.643,0.0
1720526400000,57407.1,58159.6,56862.9,57445.3,74279.844,0.0
1720540800000,57445.3,58290.6,57318.3,57837.7,40891.309,0.0
1720555200000,57837.7,58256.0,57684.6,58023.2,18033.437,0.0
1720569600000,58023.1,58190.0,57315.9,58157.7,27261.073,0.0
1720584000000,58157.6,59449.6,58153.3,58948.1,69642.36,0.0
1720598400000,58948.0,59013.9,58288.0,58469.4,39133.753,0.0
1720612800000,58469.4,58544.5,57416.5,57658.0,68439.925,0.0
1720627200000,57658.1,57995.0,57333.0,57374.1,26039.13,0.0
1720641600000,57374.8,57860.8,57125.0,57707.0,23732.696,0.0
1720656000000,57707.0,58380.0,57030.0,57540.5,43339.762,0.0
1720670400000,57540.4,58288.6,57464.2,58168.1,25661.286,0.0
1720684800000,58168.2,58887.0,58024.0,58754.1,39948.267,0.0
1720699200000,58754.0,59780.0,57242.0,57382.8,131206.798,0.0
1720713600000,57382.8,57969.6,57152.0,57354.7,31336.599,0.0
1720728000000,57354.8,57593.2,57118.0,57315.5,21614.247,0.0
1720742400000,57315.7,57554.4,56500.1,56887.6,45049.617,0.0
1720756800000,56887.6,57378.0,56690.0,57071.4,27355.661,0.0
1720771200000,57071.4,57325.2,56740.6,57188.8,31049.857,0.0
1720785600000,57188.7,58255.4,57066.0,58188.9,59825.465,0.0
1720800000000,58188.9,58500.0,57446.1,57546.1,49492.814,0.0
1720814400000,57546.2,57887.6,57107.7,57870.0,25327.202,0.0
1720828800000,57870.0,57962.8,57730.2,57792.4,11605.553,0.0
1720843200000,57792.5,58195.7,57728.6,58140.0,14463.35,0.0
1720857600000,58140.0,58900.0,57882.3,58513.9,34849.5,1.0
1720872000000,58514.0,58873.1,58408.1,58808.5,30158.627,1.0
1720886400000,58808.5,58950.0,58538.9,58596.6,17510.271,1.0
1720900800000,58596.7,59850.0,58254.5,59174.0,49297.021,1.0
1720915200000,59173.9,59816.5,59164.0,59435.0,31878.101,1.0
1720929600000,59435.0,60299.0,59387.4,60031.3,46649.503,1.0
1720944000000,60031.2,60397.2,59879.3,60079.0,26938.154,1.0
1720958400000,60079.0,60220.0,59438.0,60053.3,38864.156,1.0
1720972800000,60053.3,60154.6,59858.0,59886.3,10270.212,1.0
1720987200000,59886.3,61412.4,59850.0,60766.0,53460.757,1.0
1721001600000,60766.0,62777.0,60622.6,62617.3,79541.414,0.0
1721016000000,62617.3,63075.8,62400.0,62816.0,44695.396,0.0
1721030400000,62816.1,63239.2,62266.0,62431.9,44412.806,1.0
1721044800000,62432.0,63299.8,62419.5,62985.9,56556.02,0.0
1721059200000,62986.0,63777.0,62812.8,63309.9,70459.802,0.0
1721073600000,63309.9,64870.7,63216.2,64680.6,56556.743,0.0
1721088000000,64680.6,64936.1,64405.0,64725.1,33143.185,0.0
1721102400000,64725.1,64988.8,62672.4,62881.8,86305.499,0.0
1721116800000,62881.8,63839.0,62350.0,63719.8,66858.749,0.0
1721131200000,63719.8,64942.0,63031.5,64833.9,85549.043,0.0
1721145600000,64833.9,65177.0,64070.4,65125.2,63666.014,0.0
1721160000000,65125.2,65388.0,64058.0,65010.0,39736.126,0.0
1721174400000,65010.0,66100.0,64885.3,65662.8,54516.165,0.0
1721188800000,65662.8,65968.5,65167.6,65226.2,30419.751,0.0
1721203200000,65226.2,65479.5,64531.0,64700.0,48428.987,0.0
1721217600000,64699.9,65379.8,64489.5,64695.8,64341.879,0.0
1721232000000,64696.0,64745.6,63823.0,64550.6,57856.457,0.0
1721246400000,64550.7,64654.4,64020.0,64055.7,21093.154,0.0
1721260800000,64055.8,65173.8,63871.2,64827.8,35420.27,0.0
1721275200000,64827.9,65038.5,64355.1,64644.8,22100.793,0.0
1721289600000,64644.8,64930.7,64413.0,64728.9,20655.775,0.0
1721304000000,64729.0,65098.9,63359.1,63500.1,79341.492,1.0
1721318400000,63500.1,63933.3,63206.4,63535.6,40122.803,1.0
1721332800000,63535.5,64096.3,63413.1,63959.9,18007.024,0.0
1721347200000,63960.0,64348.2,63266.2,64298.0,30771.327,0.0
1721361600000,64297.9,64469.3,63565.0,63673.9,28188.859,1.0
1721376000000,63673.9,64165.8,63371.4,64095.2,35395.006,0.0
1721390400000,64095.6,65870.0,64010.1,65791.5,93974.647,0.0
1721404800000,65791.5,67362.8,65784.0,67107.8,96570.502,0.0
1721419200000,67107.8,67320.9,66590.9,66627.9,26959.464,0.0
1721433600000,66627.9,66797.0,66159.1,66568.7,22374.296,0.0
1721448000000,66568.7,66729.0,66401.0,66526.3,11307.037,0.0
1721462400000,66526.4,66700.0,66422.9,66445.9,11122.777,0.0
1721476800000,66446.0,66799.9,66241.4,66797.0,17627.83,0.0
1721491200000,66797.0,67648.7,66632.0,67195.0,41238.669,0.0
1721505600000,67195.0,67412.4,66737.7,67095.6,19893.797,0.0
1721520000000,67095.6,67400.0,66918.4,67145.8,13108.955,0.0
1721534400000,67145.8,67194.3,66560.0,66670.0,18387.329,0.0
1721548800000,66669.9,67040.4,66645.6,66845.4,11562.755,0.0
1721563200000,66845.4,67498.0,66571.3,67130.9,31277.598,0.0
1721577600000,67130.9,67719.8,65750.0,67391.4,89763.164,0.0
1721592000000,67391.5,68351.2,67239.9,68138.0,43128.571,0.0
1721606400000,68138.0,68459.7,67700.0,67847.3,29357.1,0.0
1721620800000,67847.3,67966.0,67100.0,67210.3,26807.626,0.0
1721635200000,67210.4,67571.4,66904.2,67479.1,20838.304,0.0
1721649600000,67479.1,67932.2,66538.6,67044.3,56104.431,0.0
1721664000000,67044.3,68228.6,66784.1,68193.5,34521.383,0.0
1721678400000,68193.6,68221.5,67202.1,67499.2,25362.547,0.0
1721692800000,67499.2,67729.3,67175.6,67437.3,20135.362,0.0
1721707200000,67437.3,67493.3,66216.1,66550.0,45758.851,0.0
1721721600000,66549.9,67135.5,66413.0,66641.0,34676.727,0.0
1721736000000,66641.0,67338.0,65921.7,66552.8,86188.637,0.0
1721750400000,66552.8,66745.1,65416.5,65516.1,57758.536,0.0
1721764800000,65516.2,66040.0,65453.4,65916.4,25912.567,0.0
1721779200000,65916.3,66135.5,65450.8,66027.5,23229.873,0.0
1721793600000,66027.4,66056.0,65577.5,66049.0,16527.006,0.0
1721808000000,66049.0,66590.0,65974.9,66345.7,28364.608,0.0
1721822400000,66345.7,67087.3,66066.0,66155.7,64013.824,0.0
1721836800000,66155.8,66687.9,65537.0,65631.8,46286.693,0.0
1721851200000,65631.8,66059.7,65040.5,65350.8,36657.417,0.0
1721865600000,65350.7,65606.3,63823.3,64074.0,86228.936,1.0
1721880000000,64073.9,64378.0,63800.0,64115.1,29134.565,1.0
1721894400000,64115.0,64474.2,63857.2,64082.6,32232.038,1.0
1721908800000,64082.6,64993.6,63456.7,64773.3,85867.664,1.0
1721923200000,64773.3,65170.0,64357.5,64669.5,43249.638,1.0
1721937600000,64669.5,66144.0,64390.8,65773.0,42972.6,0.0
1721952000000,65773.0,67470.4,65688.2,67014.0,54322.043,0.0
1721966400000,67014.0,67168.2,66839.5,66873.8,27381.084,0.0
1721980800000,66873.7,67466.0,66873.7,67293.9,25036.72,0.0
1721995200000,67293.9,67982.4,66865.7,67528.0,69433.176,0.0
1722009600000,67527.9,68143.0,67277.0,67957.2,30157.705,0.0
1722024000000,67957.2,68200.0,67365.0,67882.5,29053.798,0.0
1722038400000,67882.5,68055.6,67588.3,67766.2,15182.442,0.0
1722052800000,67766.2,68278.8,67752.1,68013.6,17714.409,0.0
1722067200000,68013.5,68244.6,67864.8,68184.7,14552.231,0.0
1722081600000,68184.7,69381.7,68162.9,68822.0,69130.287,0.0
1722096000000,68821.9,68976.4,67538.4,68209.2,61397.72,0.0
1722110400000,68209.3,69200.0,66624.5,67873.8,153005.558,0.0
1722124800000,67873.7,68246.6,67222.7,67910.9,22253.123,0.0
1722139200000,67910.9,68003.5,67037.0,67517.7,25149.842,0.0
1722153600000,67517.6,67969.1,67178.9,67800.0,18990.816,0.0
1722168000000,67800.1,68093.4,67527.4,67624.3,21697.193,0.0
1722182400000,67624.2,68300.0,67588.4,68090.0,15542.059,0.0
1722196800000,68090.0,68254.7,67771.6,68215.5,13280.902,0.0
1722211200000,68215.5,69782.2,68130.1,69323.1,64456.552,0.0
1722225600000,69323.1,69872.6,69240.0,69510.6,28440.561,-1.0
1722240000000,69510.5,69841.2,69345.0,69549.9,23274.384,-1.0
1722254400000,69549.8,70081.0,67650.0,68067.2,122246.263,0.0
1722268800000,68067.3,68093.1,66365.8,67276.6,102883.789,0.0
1722283200000,67276.7,67521.0,66547.1,66750.0,31236.269,0.0
1722297600000,66750.1,66865.3,65820.0,66585.6,53988.278,0.0
1722312000000,66585.7,66966.6,66288.0,66914.0,23753.397,0.0
1722326400000,66914.0,66956.6,66358.9,66532.5,23447.894,0.0
1722340800000,66532.6,66923.8,65500.0,66198.0,66028.538,0.0
1722355200000,66198.0,66526.1,65501.1,65899.4,47748.809,0.0
1722369600000,65900.0,66319.0,65254.5,66159.3,31584.128,0.0
1722384000000,66159.3,66380.0,65825.9,66028.9,19978.559,0.0
1722398400000,66028.1,66540.8,65459.4,66196.4,40885.994,0.0
1722412800000,66196.4,66360.4,65906.7,66062.6,19153.975,0.0
1722427200000,66062.7,66826.3,65939.7,66354.5,46270.954,-1.0
1722441600000,66354.4,66820.0,64894.0,65229.8,71073.914,0.0
1722456000000,65228.1,65399.0,64500.4,64601.8,49026.05,0.0
1722470400000,64601.8,64824.4,63722.0,63912.8,53076.972,0.0
1722484800000,63912.7,64468.6,63559.5,64297.4,43263.551,0.0
1722499200000,64297.5,64681.9,64280.0,64645.3,20514.248,0.0
1722513600000,64645.2,64927.2,62646.7,62892.6,101176.373,0.0
1722528000000,62892.6,63480.0,62271.2,63403.0,81788.779,0.0
1722542400000,63403.0,65650.0,63312.0,65328.9,72834.667,-1.0
1722556800000,65329.0,65577.0,63630.6,64600.1,52628.167,-1.0
1722571200000,64600.1,64640.0,63800.0,64146.0,35151.989,-1.0
1722585600000,64146.0,64957.4,64026.5,64640.0,33125.652,-1.0
1722600000000,64640.0,65534.3,62350.0,63393.5,162016.878,-1.0
1722614400000,63393.5,63600.0,62478.0,62619.7,57246.326,0.0
1722628800000,62619.6,63181.0,61200.2,61483.7,81459.408,0.0
1722643200000,61483.7,61956.4,60473.3,61862.2,65725.345,0.0
1722657600000,61862.2,61945.0,61380.8,61636.0,19226.551,-1.0
1722672000000,61636.0,61986.3,61420.2,61884.8,19753.37,-1.0
1722686400000,61884.7,62166.0,60800.0,60857.7,42750.029,-1.0
1722700800000,60857.8,61262.5,59888.0,60216.7,100562.58,-1.0
1722715200000,60216.8,60842.2,59800.0,60684.6,42452.081,-1.0
1722729600000,60684.5,61089.5,60290.9,60705.3,23040.242,-1.0
1722744000000,60705.3,60915.1,60228.0,60346.0,18248.526,-1.0
1722758400000,60344.6,60986.2,60080.5,60880.1,25833.958,-1.0
1722772800000,60880.1,61064.6,58926.1,59070.0,81031.408,-1.0
1722787200000,59069.9,59475.0,57040.0,59234.0,141030.817,-1.0
1722801600000,59233.9,59569.2,57975.4,58144.5,50327.464,-1.0
1722816000000,58144.5,58286.9,52222.0,53864.1,295951.644,1.0
1722830400000,53864.0,54538.0,48888.0,52645.6,285579.138,1.0
1722844800000,52645.6,53200.0,50590.1,51316.8,170229.54,1.0
1722859200000,51316.7,54952.3,49501.0,54289.8,313707.062,0.0
1722873600000,54289.7,55523.0,52520.4,53450.4,141719.563,1.0
1722888000000,53450.3,55192.2,53439.9,54003.1,74795.078,1.0
1722902400000,54003.5,56254.8,53925.3,55638.1,75090.615,0.0
1722916800000,55638.1,56152.0,55220.0,55979.1,46375.502,0.0
1722931200000,55979.0,56090.0,54531.6,55188.0,69864.431,0.0
1722945600000,55188.0,56599.0,54288.0,56370.0,126550.5,0.0
1722960000000,56370.0,56999.9,56205.1,56737.0,68281.366,0.0
1722974400000,56737.0,56919.8,55792.0,55991.2,49791.025,1.0
1722988800000,55991.3,57249.0,55516.3,56826.8,65654.654,0.0
1723003200000,56826.9,57219.4,56510.0,56898.7,36392.101,1.0
1723017600000,56898.8,57699.0,56838.0,56938.0,57955.694,1.0
1723032000000,56938.0,57454.0,55620.5,56067.5,92698.036,1.0
1723046400000,56067.4,56279.8,54650.0,54739.9,72193.669,1.0
1723060800000,54739.9,55550.0,54519.8,55102.9,52548.386,1.0
1723075200000,55102.9,57688.8,54672.4,57031.7,78167.269,1.0
1723089600000,57031.8,57399.2,56636.9,57166.4,34216.433,1.0
1723104000000,57166.4,57650.0,56943.7,57292.3,31182.131,1.0
1723118400000,57292.4,59493.0,56645.0,59391.3,161033.47,0.0
1723132800000,59391.9,59839.7,59213.6,59389.1,61744.499,0.0
1723147200000,59389.0,62737.2,59273.5,61659.8,103773.706,0.0
1723161600000,61659.8,61726.0,60728.7,61327.0,45368.076,0.0
1723176000000,61327.0,61361.9,60555.0,60844.0,32873.145,0.0
1723190400000,60844.1,61184.9,60150.0,60633.5,44404.398,0.0
1723204800000,60633.5,61089.7,59500.0,59786.4,95689.828,0.0
1723219200000,59786.4,60729.5,59705.9,60649.5,44486.156,0.0
1723233600000,60649.6,60961.5,59862.6,60808.6,45852.736,0.0
1723248000000,60808.6,61450.0,60231.6,60410.0,32792.529,0.0
1723262400000,60410.0,60823.7,60208.5,60809.5,13222.181,0.0
1723276800000,60809.6,61082.0,60582.4,60892.4,20424.968,0.0
1723291200000,60892.3,60926.0,60375.0,60480.5,17862.337,0.0
1723305600000,60480.5,61200.0,60360.0,60989.1,21578.607,0.0
1723320000000,60989.1,61136.3,60721.0,60889.9,9712.732,0.0
1723334400000,60889.8,61350.0,60857.0,61054.8,16049.514,0.0
1723348800000,61054.8,61233.0,60838.5,61224.9,14422.756,0.0
1723363200000,61225.0,62000.0,60380.1,60637.6,42331.908,0.0
1723377600000,60637.5,60736.6,59911.0,60100.0,39701.126,0.0
1723392000000,60099.9,60330.6,59512.2,59598.0,24736.746,0.0
1723406400000,59598.1,59657.5,58255.4,58693.1,65297.026,0.0
1723420800000,58693.1,59055.0,58078.8,58488.6,34275.824,0.0
1723435200000,58488.6,58958.1,57615.0,58640.1,40522.628,0.0
1723449600000,58640.1,59937.8,58086.1,59809.2,61662.719,0.0
1723464000000,59809.2,60666.0,57774.0,60171.2,143983.432,0.0
1723478400000,60171.3,60390.8,58403.9,59025.9,53835.075,0.0
1723492800000,59026.0,59721.0,58520.7,59323.6,32846.612,0.0
1723507200000,59323.7,59895.0,58840.2,59014.0,33883.54,0.0
1723521600000,59014.0,59442.5,58803.0,59209.0,18668.52,0.0
1723536000000,59209.1,59302.5,58360.0,58803.0,27235.168,0.0
1723550400000,58803.0,59748.8,58668.0,59438.4,58301.15,0.0
1723564800000,59438.4,61545.0,59402.6,60792.1,93646.839,0.0
1723579200000,60794.5,61120.8,60355.0,60550.5,24199.504,0.0
1723593600000,60550.4,61277.0,60390.0,60920.0,21570.954,-1.0
1723608000000,60920.1,61131.2,60588.8,60887.2,18265.191,-1.0
1723622400000,60887.3,61419.2,60600.0,61260.7,29257.399,-1.0
1723636800000,61260.6,61839.7,58773.3,59396.9,157618.112,0.0
1723651200000,59396.9,59436.2,58500.0,58854.0,47736.564,0.0
1723665600000,58853.8,59151.6,58367.2,58648.1,21214.588,0.0
1723680000000,58648.1,59021.0,57971.2,58420.0,35121.967,0.0
1723694400000,58420.0,58622.0,57679.6,58031.9,33573.459,0.0
1723708800000,58031.9,58836.5,57937.7,58712.1,30951.155,0.0
1723723200000,58712.0,59749.2,58508.1,59643.7,81773.999,0.0
1723737600000,59643.3,59820.0,56633.0,57002.4,114222.529,0.0
1723752000000,57002.5,57850.0,55969.0,57511.0,65172.837,0.0
1723766400000,57511.1,58494.9,57062.1,57858.1,42608.887,0.0
1723780800000,57858.1,58619.9,57766.3,58423.4,26572.525,0.0
1723795200000,58423.4,58656.2,58175.9,58369.3,28098.257,0.0
1723809600000,58369.4,58908.5,57500.0,58035.6,87458.985,0.0
1723824000000,58035.1,59780.2,57965.4,59649.2,60447.637,0.0
1723838400000,59649.3,59678.2,58711.4,58854.9,23570.238,0.0
1723852800000,58854.9,59363.0,58769.4,59128.2,16955.085,0.0
1723867200000,59128.2,59238.0,59024.6,59222.0,8228.101,0.0
1723881600000,59221.9,59450.1,59026.0,59106.5,13687.324,0.0
1723896000000,59106.5,59638.8,59065.6,59357.6,18213.242,0.0
1723910400000,59357.7,59690.2,59265.3,59446.3,12678.586,0.0
1723924800000,59446.2,59474.4,59122.1,59468.5,7323.194,0.0
1723939200000,59468.5,60249.8,59258.5,59308.5,34857.959,0.0
1723953600000,59308.5,59666.0,59214.0,59545.4,13583.873,0.0
1723968000000,59545.5,60177.4,59401.1,59991.3,29934.066,0.0
1723982400000,59991.3,60250.0,59629.3,59828.8,22362.047,0.0
1723996800000,59828.8,59916.0,59327.8,59671.9,18061.423,0.0
1724011200000,59672.0,59847.5,58352.0,58390.0,30860.896,0.0
1724025600000,58390.1,58736.6,58173.2,58696.6,36689.134,0.0
1724040000000,58696.7,58724.8,58339.8,58475.5,17094.209,0.0
1724054400000,58475.5,58648.7,57750.0,58360.9,41220.822,0.0
1724068800000,58360.8,58945.4,58019.4,58505.0,56087.605,0.0
1724083200000,58504.5,59262.9,58332.0,58933.0,39519.485,0.0
1724097600000,58935.7,59585.4,58879.3,59398.5,23431.884,0.0
1724112000000,59398.4,60887.0,59324.2,60588.6,51764.706,0.0
1724126400000,60588.5,61386.0,60539.0,60899.9,38075.289,0.0
1724140800000,60899.9,60949.7,60386.7,60494.9,23776.837,0.0
1724155200000,60494.9,60920.5,58663.4,58783.7,109188.639,0.0
1724169600000,58783.7,59574.0,58501.1,59482.5,41313.283,0.0
1724184000000,59482.5,59689.5,58831.1,58982.9,22930.376,0.0
1724198400000,58982.7,59489.0,58728.9,59290.3,20416.045,0.0
1724212800000,59290.3,59721.2,59164.7,59689.2,16832.524,0.0
1724227200000,59689.2,59893.0,59058.0,59332.4,30713.81,0.0
1724241600000,59332.3,60192.3,58801.1,59486.0,89664.322,0.0
1724256000000,59485.9,61600.0,59339.9,61538.1,69687.927,0.0
1724270400000,61538.1,61793.9,60865.2,61120.0,43269.051,0.0
1724284800000,61120.0,61184.7,59677.6,60514.9,45566.023,1.0
1724299200000,60515.0,61128.8,60422.4,60946.0,23500.574,1.0
1724313600000,60946.0,61392.0,60761.2,61297.0,28590.7,0.0
1724328000000,61296.9,61364.0,60060.3,60370.9,71562.025,1.0
1724342400000,60370.9,60554.9,60100.0,60272.7,28524.433,1.0
1724356800000,60272.8,60673.1,60250.0,60349.9,13355.204,1.0
1724371200000,60349.9,60990.0,60301.5,60565.1,19144.284,1.0
1724385600000,60565.0,61370.0,60548.8,61045.0,28205.46,1.0
1724400000000,61045.0,61317.7,60651.6,60710.2,27019.442,1.0
1724414400000,60710.1,62307.6,60710.1,61499.0,126207.328,0.0
1724428800000,61498.6,63794.0,61300.0,63577.2,115228.93,0.0
1724443200000,63577.4,65000.0,63435.1,64019.9,66685.265,0.0
1724457600000,64020.0,64168.0,63600.0,63800.1,22317.765,0.0
1724472000000,63800.0,64298.9,63790.2,64269.3,19125.053,0.0
1724486400000,64269.3,64472.5,63836.6,63881.7,22828.946,0.0
1724500800000,63881.7,64222.0,63828.0,63943.3,19592.894,0.0
1724515200000,63943.4,64414.2,63897.6,64170.0,24371.542,0.0
1724529600000,64170.1,64306.2,63522.7,64116.5,24505.702,0.0
1724544000000,64116.6,64549.0,63962.9,64065.0,22855.305,0.0
1724558400000,64065.0,64164.3,63751.0,63835.4,14721.603,0.0
1724572800000,63835.5,63990.0,63731.3,63851.7,12960.856,0.0
1724587200000,63851.7,64270.0,63777.0,64099.9,16885.471,0.0
1724601600000,64099.9,64226.2,63950.0,64152.2,8486.783,0.0
1724616000000,64152.3,65175.4,64098.6,64190.2,39636.87,0.0
1724630400000,64190.1,64455.8,63711.2,64089.5,23198.666,0.0
1724644800000,64089.5,64183.2,63541.9,63603.2,21222.012,-1.0
1724659200000,63603.3,64022.2,63074.5,63816.6,33534.559,-1.0
1724673600000,63816.6,63934.7,63032.0,63493.0,54988.264,-1.0
1724688000000,63493.0,63859.2,63138.4,63305.0,35175.091,-1.0
1724702400000,63305.0,63536.1,62750.2,62807.6,27858.63,-1.0
1724716800000,62807.7,63196.0,62618.0,62947.2,29706.099,-1.0
1724731200000,62947.1,63178.7,62688.5,62882.0,20401.076,-1.0
1724745600000,62881.9,62987.1,62200.2,62392.5,39119.07,-1.0
1724760000000,62392.4,62485.2,61426.1,61673.3,76715.331,-1.0
1724774400000,61673.4,62165.0,61484.3,62071.8,33637.142,-1.0
1724788800000,62071.8,62075.0,57928.2,59384.5,139691.087,0.0
1724803200000,59384.4,59625.0,58872.3,59597.3,38342.376,0.0
1724817600000,59597.3,59640.0,58475.2,58579.0,29969.699,0.0
1724832000000,58579.0,60197.8,58510.0,59900.1,49925.701,0.0
1724846400000,59900.2,60131.0,58400.0,58963.4,75714.471,0.0
1724860800000,58963.4,59794.7,57820.0,58871.1,82316.682,0.0
1724875200000,58871.0,59579.8,58602.6,59010.0,37519.638,0.0
1724889600000,59010.0,59300.0,58834.0,59113.0,16919.526,0.0
1724904000000,59113.4,59734.1,59040.8,59548.9,19489.42,0.0
1724918400000,59548.9,60450.0,59340.0,60040.0,34525.878,0.0
1724932800000,60040.0,61144.9,59956.3,60750.9,61927.272,0.0
1724947200000,60750.9,60930.0,58876.8,59237.0,74013.459,0.0
1724961600000,59236.9,59614.5,58655.0,59323.2,27021.13,0.0
1724976000000,59323.3,59468.0,58862.2,59001.0,22767.268,0.0
1724990400000,59001.1,59558.0,58650.0,59235.9,31797.878,0.0
1725004800000,59236.0,59637.4,59235.9,59367.0,22816.7,0.0
1725019200000,59367.0,59914.9,57901.2,58073.1,106557.21,0.0
1725033600000,58073.7,59345.8,57525.0,58670.1,69320.59,0.0
1725048000000,58670.0,59283.1,58668.8,59096.3,15016.823,0.0
1725062400000,59096.4,59436.0,59028.0,59199.9,11958.45,0.0
1725076800000,59200.0,59321.8,59044.0,59060.8,8559.326,0.0
1725091200000,59060.8,59153.0,58795.4,59093.1,13321.559,0.0
1725105600000,59093.1,59215.8,58860.0,58983.7,13422.2,0.0
1725120000000,58983.8,59108.3,58700.0,58834.2,13929.987,0.0
1725134400000,58834.3,59107.5,58756.0,58941.9,7675.152,0.0
1725148800000,58941.9,59052.7,58250.0,58501.6,21088.037,0.0
1725163200000,58501.6,58575.7,57728.6,58444.1,36976.487,0.0
1725177600000,58444.1,58469.9,57800.0,58208.0,23778.603,0.0
1725192000000,58208.1,58345.3,57123.0,58184.1,64849.981,0.0
1725206400000,58184.1,58787.2,57834.0,58480.8,31892.443,0.0
1725220800000,58480.8,58626.3,57161.1,57268.1,44324.363,0.0
1725235200000,57268.1,57735.0,57093.0,57708.7,40517.859,0.0
1725249600000,57708.6,57966.9,57316.6,57523.2,22388.633,0.0
1725264000000,57523.3,58639.0,57487.7,58396.0,49492.531,0.0
1725278400000,58395.9,58783.0,58075.0,58508.0,37132.393,0.0
1725292800000,58508.0,58645.4,58267.4,58418.8,15329.088,0.0
1725307200000,58418.8,59412.3,58354.8,59112.1,36357.88,0.0
1725321600000,59112.2,59790.0,59000.0,59087.9,33235.22,0.0
1725336000000,59087.9,59236.7,58838.1,59078.0,21946.896,0.0
1725350400000,59078.0,59174.8,58668.5,59038.6,20272.022,0.0
1725364800000,59038.5,59332.9,57530.1,57695.1,88841.444,0.0
1725379200000,57695.1,58250.0,57560.7,58020.9,42995.514,0.0
1725393600000,58021.0,58217.6,57320.0,57451.9,22905.401,0.0
1725408000000,57452.0,57920.0,55555.0,56632.9,96559.93,0.0
1725422400000,56632.9,56847.2,56107.9,56717.0,36160.82,0.0
1725436800000,56717.1,56871.5,56411.6,56536.2,24166.838,0.0
1725451200000,56536.1,58137.7,56154.0,58096.2,98800.802,0.0
1725465600000,58096.0,58500.0,57615.9,58029.8,53202.151,0.0
1725480000000,58029.8,58371.7,57781.3,57944.8,18092.77,-1.0
1725494400000,57944.8,58318.9,56869.4,57104.1,43700.153,-1.0
1725508800000,57104.1,57265.0,56500.8,57127.0,36290.493,-1.0
1725523200000,57126.9,57217.5,56591.0,56666.1,28862.997,-1.0
1725537600000,56666.1,57300.0,55779.1,55947.0,114809.769,0.0
1725552000000,55947.0,56688.9,55760.0,56026.0,46207.195,0.0
1725566400000,56025.2,56232.8,55600.0,56145.7,24832.985,0.0
1725580800000,56145.7,56836.7,55955.1,56553.7,31267.057,-1.0
1725595200000,56553.7,56717.8,55250.0,55766.3,48647.469,0.0
1725609600000,55766.3,56244.1,55607.3,55972.1,37288.305,0.0
1725624000000,55972.1,57000.0,53780.9,54022.1,199654.457,0.0
1725638400000,54022.1,54414.0,53235.7,53515.3,95828.271,0.0
1725652800000,53515.3,53938.9,52510.8,53927.7,66377.554,0.0
1725667200000,53927.7,54082.2,53725.0,53789.2,16109.681,0.0
1725681600000,53789.3,54369.7,53780.1,54258.1,26886.448,0.0
1725696000000,54258.0,54472.8,54143.5,54298.9,16932.707,0.0
1725710400000,54299.0,54800.0,54298.9,54746.6,23152.43,0.0
1725724800000,54746.7,54820.2,53969.0,54375.0,26559.311,0.0
1725739200000,54375.1,54415.4,53778.1,54134.9,18046.017,0.0
1725753600000,54134.9,54478.9,53937.0,54371.5,16385.479,0.0
1725768000000,54371.5,54544.8,54232.1,54411.5,13982.548,0.0
1725782400000,54411.5,54700.0,54322.9,54528.6,15369.004,0.0
1725796800000,54528.7,54544.0,53610.0,53663.6,41767.656,1.0
1725811200000,53663.4,54497.4,53596.5,54301.3,25558.946,1.0
1725825600000,54301.3,55300.0,54130.3,54839.6,49014.903,0.0
1725840000000,54839.6,55351.4,54650.2,55084.9,34856.397,1.0
1725854400000,55085.0,55118.3,54557.0,54939.1,25144.536,1.0
1725868800000,54939.0,55549.0,54920.7,55236.8,35621.185,0.0
1725883200000,55236.7,55774.9,54755.0,55360.3,77478.1,0.0
1725897600000,55360.3,57148.6,55319.4,57060.1,89138.154,0.0
1725912000000,57060.1,58153.2,56770.4,57010.0,50855.989,0.0
1725926400000,57010.1,57041.9,56493.0,56500.1,25864.71,0.0
1725940800000,56500.0,57266.6,56361.0,57183.2,28066.767,0.0
1725955200000,57183.2,57366.0,56851.1,57190.1,26303.665,0.0
1725969600000,57190.1,57439.0,56485.0,56561.0,68550.308,0.0
1725984000000,56553.9,58033.2,56525.0,57923.6,58356.336,0.0
1725998400000,57923.9,57945.4,57416.3,57609.1,21175.89,0.0
1726012800000,57609.2,57729.0,56643.0,56793.5,45303.418,0.0
1726027200000,56793.6,56794.9,56050.0,56675.1,42336.08,0.0
1726041600000,56675.1,56850.0,56311.0,56768.9,32736.378,0.0
1726056000000,56768.9,57138.0,55515.2,56676.1,129132.61,0.0
1726070400000,56676.0,57954.4,56618.0,57560.9,74115.014,0.0
1726084800000,57560.9,57648.0,57171.0,57306.0,14607.945,0.0
1726099200000,57305.6,58465.4,57283.1,58197.9,49947.024,0.0
1726113600000,58197.9,58397.5,57810.0,58101.8,24243.847,0.0
1726128000000,58101.7,58317.5,57867.0,58031.7,22402.437,0.0
1726142400000,58031.7,58606.6,57310.0,57472.1,95837.316,1.0
1726156800000,57472.2,58425.7,57454.4,58366.3,46353.896,0.0
1726171200000,58366.3,58366.8,57734.9,58097.0,22665.168,0.0
1726185600000,58097.1,58226.8,57800.8,57827.0,16460.526,0.0
1726200000000,57827.0,58108.8,57708.0,58079.8,16302.311,0.0
1726214400000,58079.7,58321.9,57792.5,57852.6,25215.501,0.0
1726228800000,57852.6,59706.1,57594.0,59623.5,115499.474,0.0
1726243200000,59623.6,59979.2,59278.9,59703.1,61622.677,0.0
1726257600000,59703.1,60597.0,59588.0,60456.2,42329.003,0.0
1726272000000,60456.2,60572.9,60255.4,60290.5,15486.844,0.0
1726286400000,60290.5,60318.8,59866.0,60110.4,17391.535,0.0
1726300800000,60110.3,60130.0,59577.7,59680.0,19441.411,0.0
1726315200000,59680.1,59988.9,59610.0,59840.1,17932.901,0.0
1726329600000,59840.1,59953.0,59360.1,59778.4,20367.115,0.0
1726344000000,59778.4,60135.8,59740.0,59964.0,11960.771,0.0
1726358400000,59963.9,60247.9,59950.0,60130.2,11165.607,0.0
1726372800000,60130.2,60193.6,60047.9,60166.8,7003.375,0.0
1726387200000,60166.7,60178.0,59848.6,59977.0,11882.577,0.0
1726401600000,59977.0,60369.4,59823.0,60304.6,25224.832,0.0
1726416000000,60304.6,60323.1,59663.0,59847.7,29765.693,0.0
1726430400000,59847.7,59910.2,58654.0,59100.5,45482.122,0.0
1726444800000,59100.5,59182.2,58079.7,58546.5,54220.709,0.0
1726459200000,58546.4,58935.0,58279.2,58874.6,26326.722,0.0
1726473600000,58874.6,59159.1,58463.6,58630.0,28655.98,0.0
1726488000000,58630.1,58766.0,57550.0,57860.7,71193.929,1.0
1726502400000,57860.7,58250.0,57446.3,57915.4,48106.279,1.0
1726516800000,57915.5,58397.9,57576.1,58187.0,22195.813,1.0
1726531200000,58187.0,58320.0,57588.8,58035.2,26540.64,1.0
1726545600000,58035.2,58762.0,57993.0,58668.1,23933.192,1.0
1726560000000,58668.1,59274.4,58600.0,59055.1,37558.458,1.0
1726574400000,59055.0,61345.0,58850.0,61103.0,138114.453,0.0
1726588800000,61111.0,61240.6,59600.0,59946.0,66312.487,0.0
1726603200000,59945.9,60398.2,59696.0,60281.0,25982.836,0.0
1726617600000,60281.0,60747.7,59838.0,60490.0,27659.69,0.0
1726632000000,60490.1,60664.9,60166.7,60403.7,18106.577,0.0
1726646400000,60403.6,60403.7,59360.1,59824.6,42775.42,1.0
1726660800000,59824.5,60130.0,59261.9,59400.1,56105.508,1.0
1726675200000,59400.1,61320.7,59138.0,60024.6,158110.08,1.0
1726689600000,60024.6,61765.0,59430.0,61735.3,52972.037,0.0
1726704000000,61735.3,62555.0,61534.0,62086.5,71083.208,0.0
1726718400000,62086.6,62155.0,61779.9,62071.0,23263.94,0.0
1726732800000,62071.0,62697.0,61851.3,62604.5,40249.506,0.0
1726747200000,62604.5,63483.8,62540.3,63129.0,85542.087,0.0
1726761600000,63129.0,63830.1,62905.6,63229.4,56180.057,0.0
1726776000000,63229.4,63229.5,62623.4,62926.9,26063.614,0.0
1726790400000,62926.9,63728.2,62579.2,63723.3,32841.521,0.0
1726804800000,63723.2,64126.7,63363.7,63494.4,52132.864,0.0
1726819200000,63494.5,63673.8,63080.1,63417.1,35056.918,0.0
1726833600000,63417.2,63528.7,62535.0,63120.2,79408.734,0.0
1726848000000,63120.2,63257.6,62320.0,62772.1,41022.336,0.0
1726862400000,62772.0,63280.0,62669.2,63175.7,16710.462,0.0
1726876800000,63175.8,63282.0,62790.0,62865.1,17298.311,0.0
1726891200000,62865.0,63114.6,62714.2,63060.0,12981.75,0.0
1726905600000,63060.1,63120.0,62936.8,63058.0,8566.426,0.0
1726920000000,63058.0,63286.9,62995.2,63146.6,14099.266,0.0
1726934400000,63146.6,63378.8,63054.0,63174.2,12565.693,0.0
1726948800000,63174.1,63546.9,63025.0,63320.6,12736.916,0.0
1726963200000,63320.6,63423.7,62801.2,63088.9,19579.364,0.0
1726977600000,63088.8,63182.4,62808.0,62909.3,10743.317,0.0
1726992000000,62909.2,63010.5,62520.2,62751.4,22546.486,0.0
1727006400000,62751.4,62915.7,62435.0,62624.2,19079.416,0.0
1727020800000,62624.1,63200.0,62443.2,63132.1,22456.101,0.0
1727035200000,63132.2,64000.0,62339.0,63558.4,54725.2,0.0
1727049600000,63558.5,64724.8,62534.4,64320.1,74683.458,0.0
1727064000000,64320.1,64427.9,63356.8,63519.9,35083.345,0.0
1727078400000,63519.9,63668.4,63279.5,63399.0,21731.18,0.0
1727092800000,63398.9,63778.7,63033.9,63589.6,56370.517,0.0
1727107200000,63589.6,63790.0,63077.6,63272.6,28820.318,0.0
1727121600000,63272.7,63467.1,63050.0,63302.0,17654.746,0.0
1727136000000,63302.1,63377.4,62688.2,63097.6,34882.224,0.0
1727150400000,63097.6,63542.9,62913.6,63527.8,18863.348,0.0
1727164800000,63527.7,63925.5,63350.0,63446.3,32217.024,0.0
1727179200000,63446.3,63744.4,62695.0,63128.8,63631.464,0.0
1727193600000,63128.8,64357.7,63056.0,64270.0,49015.976,0.0
1727208000000,64270.0,64666.0,63939.2,64243.1,38377.592,0.0
1727222400000,64243.2,64800.0,63955.9,64422.4,29755.753,0.0
1727236800000,64422.5,64430.0,63612.3,63814.9,25639.113,0.0
1727251200000,63814.9,63888.3,63376.0,63808.1,30911.433,0.0
1727265600000,63808.1,63971.0,63243.2,63470.1,39594.067,0.0
1727280000000,63470.1,63642.4,62963.2,63151.6,37305.727,0.0
1727294400000,63151.0,63533.3,62910.0,63118.4,21744.679,0.0
1727308800000,63118.3,63518.9,62634.4,63482.9,36878.788,0.0
1727323200000,63483.0,63843.1,63311.8,63823.4,22609.118,0.0
1727337600000,63823.4,64500.0,63567.0,64373.0,46849.777,0.0
1727352000000,64372.9,65549.5,64127.1,65200.0,130644.247,0.0
1727366400000,65200.0,65800.0,64656.1,64677.8,56313.884,0.0
1727380800000,64677.8,65214.2,64601.6,65139.2,27890.542,0.0
1727395200000,65139.1,65412.0,64788.0,65338.0,25651.759,0.0
1727409600000,65338.0,65534.6,65071.0,65438.9,26033.49,0.0
1727424000000,65438.8,65968.1,65307.0,65408.2,41461.345,0.0
1727438400000,65408.3,66450.0,65287.6,65974.0,76731.833,0.0
1727452800000,65974.1,66329.0,65477.7,65612.8,43546.194,0.0
1727467200000,65612.9,65950.0,65587.2,65749.6,12979.4,0.0
1727481600000,65749.5,66237.0,65692.3,66041.0,15236.279,0.0
1727496000000,66041.0,66060.1,65706.1,65790.0,12621.823,0.0
1727510400000,65790.0,65790.1,65392.7,65761.5,19888.929,0.0
1727524800000,65761.5,65796.8,65368.1,65593.7,20472.053,0.0
1727539200000,65593.6,65798.7,65460.0,65699.6,9155.286,0.0
1727553600000,65699.7,65980.0,65380.0,65822.6,15399.183,0.0
1727568000000,65822.7,65954.5,65599.8,65781.6,12438.833,0.0
1727582400000,65781.5,65781.6,65400.0,65436.9,12286.502,0.0
1727596800000,65436.9,65702.7,65401.0,65670.4,11851.759,0.0
1727611200000,65670.4,65832.9,65480.0,65720.0,17725.988,0.0
1727625600000,65720.0,65947.4,65623.8,65926.3,12855.578,0.0
1727640000000,65926.2,66059.3,65491.4,65568.1,20973.139,0.0
1727654400000,65568.2,65588.8,64150.0,64539.9,69881.834,0.0
1727668800000,64539.9,64686.0,64300.0,64539.1,24981.714,-1.0
1727683200000,64539.0,64552.9,63222.0,63794.4,76458.979,0.0
1727697600000,63794.4,64130.8,63490.2,63535.6,48875.81,0.0
1727712000000,63535.7,63722.4,63036.2,63472.8,45469.704,0.0
1727726400000,63472.9,63845.0,62825.0,63309.1,31180.332,0.0
1727740800000,63309.0,63732.0,63000.0,63707.2,30145.062,-1.0
1727755200000,63707.2,64092.6,63627.6,64017.0,23523.665,-1.0
1727769600000,64016.9,64075.5,63683.1,63699.9,18586.91,-1.0
1727784000000,63700.0,63784.0,61801.6,62613.8,149631.728,0.0
1727798400000,62613.8,62760.0,61100.0,61739.7,126786.01,0.0
1727812800000,61739.8,61750.2,60128.2,60776.8,81144.46,0.0
1727827200000,60776.7,61858.2,60703.3,61718.0,37462.528,0.0
1727841600000,61718.1,61926.7,61325.0,61702.5,27147.209,0.0
1727856000000,61702.5,61888.2,60856.8,61140.8,42121.394,0.0
1727870400000,61140.8,61902.6,60495.0,61833.9,91786.77,0.0
1727884800000,61833.9,62355.0,59934.9,60155.0,93642.638,0.0
1727899200000,60155.0,60972.9,60091.3,60622.6,34841.266,0.0
1727913600000,60622.7,61445.1,60508.7,61434.3,31925.503,0.0
1727928000000,61434.4,61452.6,60789.2,60898.6,24875.301,0.0
1727942400000,60898.5,61047.3,60101.5,60733.0,53727.324,0.0
1727956800000,60732.9,60909.1,59815.0,60606.5,101228.614,0.0
1727971200000,60606.4,61024.1,59888.0,60998.0,55409.577,0.0
1727985600000,60998.0,61073.7,60580.0,60727.2,18970.893,0.0
1728000000000,60727.1,61247.4,60434.1,60928.7,29090.101,0.0
1728014400000,60928.7,61476.1,60896.3,61403.9,21411.632,0.0
1728028800000,61403.9,61616.0,61236.0,61423.0,24727.149,0.0
1728043200000,61423.0,61985.0,60700.5,61843.1,97099.192,0.0
1728057600000,61843.2,62442.8,61611.0,62337.0,46119.924,0.0
1728072000000,62337.2,62457.1,61934.0,62054.4,16347.838,0.0
1728086400000,62054.3,62169.3,61648.0,61835.5,15990.326,0.0
1728100800000,61835.5,62242.4,61790.3,62043.0,11996.567,0.0
1728115200000,62043.0,62298.2,62043.0,62149.1,8605.565,0.0
1728129600000,62149.1,62344.0,62058.9,62131.4,11275.172,0.0
1728144000000,62131.5,62159.4,61740.4,61822.4,15845.23,0.0
1728158400000,61822.4,62076.9,61671.9,62023.1,10617.921,0.0
1728172800000,62023.1,62132.4,61840.5,61852.4,8978.768,0.0
1728187200000,61852.5,61987.7,61778.9,61919.8,6470.994,0.0
1728201600000,61919.8,62139.8,61890.0,62067.1,8955.265,0.0
1728216000000,62067.0,62750.0,62027.0,62690.4,32004.279,0.0
1728230400000,62690.4,62961.5,62511.0,62601.5,20697.883,0.0
1728244800000,62601.4,62888.0,62265.0,62789.3,19306.264,0.0
1728259200000,62789.2,63950.0,62620.1,63494.6,53427.045,0.0
1728273600000,63494.5,63689.8,63281.6,63509.9,19040.589,0.0
1728288000000,63509.9,63680.0,62621.9,63114.1,46007.292,0.0
1728302400000,63114.1,64448.2,62800.0,63620.0,92256.761,0.0
1728316800000,63620.1,63885.0,62700.0,63349.4,46946.801,0.0
1728331200000,63349.4,63379.9,62091.8,62190.7,41270.887,0.0
1728345600000,62190.6,62794.0,62126.3,62602.4,28564.66,0.0
1728360000000,62602.3,62753.3,61941.0,62291.4,35539.487,0.0
1728374400000,62291.4,62637.0,62159.8,62595.7,20264.489,0.0
1728388800000,62595.8,63178.7,61836.0,62259.9,84886.204,0.0
1728403200000,62259.9,62571.8,61843.6,62228.3,42234.458,0.0
1728417600000,62228.5,62544.6,62000.0,62131.7,14787.061,0.0
1728432000000,62131.8,62478.6,61962.8,62365.0,19352.949,0.0
1728446400000,62365.0,62520.9,62164.7,62243.0,14632.884,0.0
1728460800000,62243.0,62261.7,62025.0,62177.8,16509.769,0.0
1728475200000,62177.7,62386.0,61600.1,62285.4,64587.868,0.0
1728489600000,62285.4,62320.0,60800.2,61013.7,60119.581,0.0
1728504000000,61013.6,61092.5,60251.9,60606.4,42099.122,0.0
1728518400000,60606.3,60930.0,60309.0,60838.7,25500.217,0.0
1728532800000,60838.7,61128.1,60782.5,60871.0,15827.297,0.0
1728547200000,60871.1,61297.0,60600.0,61235.9,27636.423,0.0
1728561600000,61235.9,61294.7,60414.0,60769.9,67108.376,0.0
1728576000000,60770.0,61020.0,58900.0,59696.9,99979.096,1.0
1728590400000,59696.9,60295.7,59550.0,60293.2,26896.244,0.0
1728604800000,60293.3,60749.9,60057.8,60572.6,26586.058,0.0
1728619200000,60572.6,60893.4,60541.6,60643.3,19170.546,0.0
1728633600000,60643.2,61228.9,60618.4,61140.0,29003.451,0.0
1728648000000,61140.1,62432.6,61091.8,62218.0,87805.333,0.0
1728662400000,62218.0,63400.0,62080.1,63042.4,75652.829,0.0
1728676800000,63042.3,63144.0,62328.0,62509.0,25472.925,0.0
1728691200000,62509.0,63055.9,62458.0,62537.0,23211.182,0.0
1728705600000,62537.1,62770.0,62537.0,62734.1,10128.848,0.0
1728720000000,62734.0,63248.0,62645.5,62900.3,17567.587,0.0
1728734400000,62900.4,63462.6,62781.0,63124.8,26797.661,0.0
1728748800000,63124.9,63366.8,62862.0,62966.3,16359.048,0.0
1728763200000,62966.2,63345.2,62966.2,63176.0,8720.08,0.0
1728777600000,63176.0,63260.0,62615.4,62686.2,22542.817,1.0
1728792000000,62686.2,62960.0,62675.4,62819.0,9250.078,1.0
1728806400000,62819.0,62938.1,62486.1,62528.5,13355.855,1.0
1728820800000,62528.4,62811.0,62020.0,62195.3,32569.283,1.0
1728835200000,62195.2,62864.8,62141.1,62699.3,33647.995,1.0
1728849600000,62699.2,63118.3,62574.1,62839.8,18330.128,1.0
1728864000000,62839.7,64377.6,62420.0,64281.6,49743.051,0.0
1728878400000,64280.8,64676.7,63752.8,64599.6,63161.449,0.0
1728892800000,64599.5,65221.6,64306.9,64899.4,53429.685,0.0
1728907200000,64899.5,66288.0,64630.0,65850.9,97129.105,0.0
1728921600000,65850.9,66066.0,65520.0,65901.0,41167.572,0.0
1728936000000,65900.9,66533.0,65710.0,66064.9,33620.739,0.0
1728950400000,66064.9,66312.4,65300.0,65382.1,30836.404,0.0
1728964800000,65382.2,65830.0,65200.1,65638.4,27701.846,0.0
1728979200000,65638.4,65838.9,65255.0,65385.3,26501.689,0.0
1728993600000,65385.3,67953.7,64771.7,65994.6,218343.805,0.0
1729008000000,65994.7,67372.9,65952.6,66937.1,78846.996,0.0
1729022400000,66937.0,67136.0,66095.8,67044.1,39774.771,0.0
1729036800000,67044.0,67548.6,66724.2,67064.5,31340.546,0.0
1729051200000,67064.5,67335.9,66732.7,66948.8,24048.074,0.0
1729065600000,66948.8,68400.0,66888.0,67872.3,67489.134,0.0
1729080000000,67872.3,68299.9,67076.0,67726.0,85352.33,0.0
1729094400000,67725.9,68087.9,67447.1,67692.4,30240.739,0.0
1729108800000,67692.4,67945.0,67468.1,67592.0,15682.678,0.0
1729123200000,67592.0,67925.9,67369.3,67570.0,23822.274,0.0
1729137600000,67570.1,67570.1,67054.2,67280.8,27116.955,0.0
1729152000000,67280.8,67516.7,66766.0,66853.6,34930.91,0.0
1729166400000,66853.5,67673.9,66600.0,67561.9,75033.595,0.0
1729180800000,67561.9,67570.0,66682.3,66821.1,42147.009,0.0
1729195200000,66821.1,67473.5,66802.6,67401.5,17222.094,0.0
1729209600000,67401.5,68268.0,67165.0,67532.3,42849.602,0.0
1729224000000,67532.3,68371.0,67520.1,67955.0,35988.833,0.0
1729238400000,67955.1,68044.8,67656.6,67692.7,20054.459,0.0
1729252800000,67692.7,68870.7,67629.0,68710.0,82701.774,0.0
1729267200000,68710.0,69000.0,68338.0,68582.3,44954.462,0.0
1729281600000,68582.3,68669.6,68173.4,68407.8,18752.631,0.0
1729296000000,68407.8,68684.9,68278.8,68428.4,14128.924,0.0
1729310400000,68428.4,68544.6,68270.8,68328.9,9447.218,0.0
1729324800000,68328.9,68456.0,68042.5,68071.6,13259.148,0.0
1729339200000,68071.6,68347.2,68063.5,68206.9,12650.205,0.0
1729353600000,68206.9,68228.9,68000.0,68162.5,9668.409,0.0
1729368000000,68162.5,68401.6,68145.2,68357.1,9478.204,0.0
1729382400000,68357.1,68435.6,68069.8,68161.1,9136.247,0.0
1729396800000,68161.1,68423.0,68151.3,68347.0,10766.222,0.0
1729411200000,68347.0,68498.0,68330.0,68396.3,7315.345,0.0
1729425600000,68396.4,68749.0,68176.7,68605.0,26395.008,0.0
1729440000000,68605.0,68649.0,68384.3,68484.9,9301.881,0.0
1729454400000,68484.9,69425.8,68431.9,69020.1,43024.789,0.0
1729468800000,69020.2,69566.0,68590.0,68938.0,37444.311,0.0
1729483200000,68937.9,69200.0,68468.0,68519.3,26063.349,0.0
1729497600000,68519.3,68675.0,68136.0,68250.9,27692.483,0.0
1729512000000,68250.8,68350.8,66865.9,67354.3,97480.381,0.0
1729526400000,67354.2,67949.0,66920.0,67755.4,45291.764,0.0
1729540800000,67755.6,67928.4,67341.4,67368.8,19465.045,0.0
1729555200000,67368.7,67688.0,66536.5,67390.3,42456.35,0.0
1729569600000,67390.3,67784.9,67278.0,67387.3,17437.114,0.0
1729584000000,67387.2,67524.6,66740.0,67280.6,41352.412,0.0
1729598400000,67280.6,67718.0,66613.0,67266.8,69808.374,0.0
1729612800000,67266.8,67630.0,66902.1,67466.8,29595.381,0.0
1729627200000,67466.2,67825.0,67266.6,67406.4,17869.346,0.0
1729641600000,67406.5,67449.0,66856.7,67057.8,18075.878,0.0
1729656000000,67057.8,67290.0,66779.5,66838.0,18800.014,0.0
1729670400000,66838.0,67046.8,66150.0,66406.1,47764.715,0.0
1729684800000,66406.1,66921.7,65900.0,66201.6,61638.876,0.0
1729699200000,66201.7,66566.0,65222.3,66465.2,80361.232,0.0
1729713600000,66465.3,66806.2,66300.0,66647.2,21574.343,0.0
1729728000000,66647.3,67615.3,66482.0,67192.7,37890.497,0.0
1729742400000,67192.7,67457.0,67050.0,67104.4,17146.619,0.0
1729756800000,67104.5,67327.2,66700.0,67276.3,28291.929,0.0
1729771200000,67276.3,68000.0,67243.3,67672.7,58248.604,0.0
1729785600000,67672.7,68296.0,67329.2,68279.7,35683.92,0.0
1729800000000,68279.7,68842.5,67890.0,68173.8,35079.153,0.0
1729814400000,68173.8,68256.5,67800.0,67983.1,21316.585,0.0
1729828800000,67983.2,68019.3,67222.4,67503.6,30679.87,0.0
1729843200000,67503.6,68158.0,67289.5,68081.6,29234.239,0.0
1729857600000,68081.6,68748.0,67397.1,67660.6,69478.441,0.0
1729872000000,67660.6,67895.5,65950.3,66825.8,130344.496,0.0
1729886400000,66825.7,67376.9,65557.2,66662.8,67458.24,0.0
1729900800000,66662.7,67016.1,66414.1,66885.7,27492.406,0.0
1729915200000,66885.8,67211.2,66730.1,66982.0,14541.648,0.0
1729929600000,66982.0,67250.0,66939.5,67110.1,11608.638,0.0
1729944000000,67110.2,67156.0,66708.0,66864.2,18967.953,0.0
1729958400000,66864.3,67160.0,66760.5,67154.5,10647.402,0.0
1729972800000,67154.4,67450.0,67056.5,67071.8,10911.945,0.0
1729987200000,67071.9,67297.2,66909.4,67261.8,8720.051,0.0
1730001600000,67261.9,67291.8,67081.6,67174.7,5970.87,0.0
1730016000000,67174.7,67246.0,67011.1,67101.1,7730.454,1.0
1730030400000,67101.0,67835.1,67095.0,67759.9,26035.205,0.0
1730044800000,67759.9,67994.2,67513.0,67816.8,16831.536,1.0
1730059200000,67816.8,68306.1,67600.0,67992.6,23180.692,1.0
1730073600000,67992.7,68094.6,67651.0,67698.1,17259.456,1.0
1730088000000,67698.1,68666.0,67584.2,68395.2,31198.17,1.0
1730102400000,68395.3,68820.9,68207.4,68731.1,31556.121,1.0
1730116800000,68731.1,69272.1,68390.6,68459.1,73534.015,1.0
1730131200000,68459.1,69902.4,68424.0,69566.1,71038.675,0.0
1730145600000,69650.0,70331.0,69480.3,69940.0,31542.185,0.0
1730160000000,69939.9,71607.0,69733.0,70927.5,70969.906,0.0
1730174400000,70927.4,71343.9,70803.0,71004.2,27074.597,0.0
1730188800000,71004.1,71580.0,70960.0,71440.1,27038.505,0.0
1730203200000,71440.0,72490.0,70900.0,72374.9,101844.283,0.0
1730217600000,72374.9,73660.0,72328.6,72528.6,111067.51,0.0
1730232000000,72534.6,72999.0,71871.1,72739.5,44507.259,0.0
1730246400000,72739.5,72797.4,72018.0,72249.9,28141.259,0.0
1730260800000,72249.9,72628.5,72112.6,72244.8,18203.431,0.0
1730275200000,72244.8,72620.0,71931.1,71995.0,28224.538,0.0
1730289600000,71994.9,72484.5,71444.2,72058.8,69872.822,0.0
1730304000000,72058.8,72207.1,71655.0,71826.1,25715.669,0.0
1730318400000,71826.0,72984.9,71631.6,72349.0,56951.089,0.0
1730332800000,72349.0,72598.5,72030.5,72359.9,19966.004,0.0
1730347200000,72360.0,72488.9,72144.8,72417.8,12421.816,0.0
1730361600000,72417.8,72720.3,72150.0,72213.3,25593.011,0.0
1730376000000,72213.4,72270.0,70453.1,70638.7,108897.549,0.0
1730390400000,70638.6,70922.4,70050.0,70128.1,54149.039,0.0
1730404800000,70128.0,70669.7,69705.0,70321.9,35457.909,0.0
1730419200000,70321.9,70500.0,68870.4,69397.7,61743.169,0.0
1730433600000,69397.7,69721.8,69100.9,69301.0,21979.496,0.0
1730448000000,69301.0,70248.6,69270.0,70024.8,33299.189,0.0
1730462400000,70024.7,71650.0,69036.0,69381.0,132614.932,0.0
1730476800000,69381.1,70543.3,68822.5,69278.6,82079.073,0.0
1730491200000,69278.6,69634.9,68856.3,69495.5,20875.229,0.0
1730505600000,69495.4,69913.1,69480.8,69599.9,13396.546,0.0
1730520000000,69599.9,69822.5,69450.0,69813.1,9480.066,0.0
1730534400000,69813.0,69846.2,69413.0,69602.5,9919.876,0.0
1730548800000,69602.6,69700.0,69022.8,69394.0,25701.195,0.0
1730563200000,69393.9,69610.9,69221.6,69502.6,11944.529,0.0
1730577600000,69502.5,69570.0,69150.1,69366.6,8871.893,0.0
1730592000000,69366.6,69393.7,67846.0,68367.5,53265.097,0.0
1730606400000,68367.6,68772.8,68287.6,68395.6,20698.181,0.0
1730620800000,68395.5,68605.5,68183.8,68345.4,17859.381,0.0
1730635200000,68345.4,68549.7,67446.6,68076.0,57554.991,0.0
1730649600000,68075.6,68691.4,67660.0,68670.0,43218.091,0.0
1730664000000,68670.0,69348.0,68483.1,68762.5,33881.635,0.0
1730678400000,68762.5,69495.3,68220.0,69034.0,31791.122,0.0
1730692800000,69034.0,69397.2,68600.9,68601.0,21320.158,0.0
1730707200000,68601.0,69029.8,68456.3,68778.0,25361.648,1.0
1730721600000,68778.1,69243.8,68173.3,68614.7,47079.052,1.0
1730736000000,68614.8,68808.6,67205.0,67845.7,66818.212,1.0
1730750400000,67845.6,68093.0,66810.0,67834.3,52541.974,1.0
1730764800000,67834.4,68264.3,67454.2,68226.3,26196.71,1.0
1730779200000,68226.2,68967.0,68200.0,68876.0,24619.45,1.0
1730793600000,68875.9,69100.0,68588.2,68788.4,24112.3,1.0
1730808000000,68788.5,70300.0,68642.1,69615.3,85206.886,1.0
1730822400000,69615.2,70537.4,68650.0,68955.9,72195.636,1.0
1730836800000,68955.9,69875.1,68786.4,69353.1,40739.888,1.0
1730851200000,69353.1,75656.1,69272.7,74367.1,220262.621,0.0
1730865600000,74367.1,75486.4,73112.0,73435.9,150835.366,0.0
1730880000000,73435.8,74488.1,72721.5,74291.6,80333.054,0.0
1730894400000,74291.7,74801.1,73500.0,74289.6,98258.389,0.0
1730908800000,74289.7,75896.5,74134.5,75817.9,72281.048,0.0
1730923200000,75817.9,76420.0,75500.0,75579.9,55469.808,0.0
1730937600000,75579.9,76072.5,75000.0,75062.9,42389.268,0.0
1730952000000,75062.8,75083.0,74450.0,74800.0,33140.462,0.0
1730966400000,74800.0,75195.0,74719.3,74776.9,22641.139,0.0
1730980800000,74776.9,76094.6,74508.0,76081.6,53654.903,0.0
1730995200000,76081.5,76750.4,75577.8,76533.3,85759.805,0.0
1731009600000,76533.2,76900.0,75471.1,75859.4,43089.456,0.0
1731024000000,75859.4,76350.2,75576.3,75900.4,26499.94,0.0
1731038400000,75900.4,76247.0,75696.1,76171.0,20162.471,0.0
1731052800000,76171.0,76350.0,75775.8,75951.9,23054.513,0.0
1731067200000,75952.0,76627.8,75620.1,76423.3,58380.345,0.0
1731081600000,76423.3,77182.9,75820.0,76894.4,72505.49,0.0
1731096000000,76894.4,77080.4,76278.5,76482.2,29767.565,0.0
1731110400000,76482.2,76618.3,76122.4,76330.0,15792.551,0.0
1731124800000,76330.1,76800.0,76285.7,76523.9,18270.772,1.0
1731139200000,76523.9,76735.0,76358.8,76478.6,12472.435,1.0
1731153600000,76478.6,76552.1,76255.0,76305.7,15353.18,1.0
1731168000000,76305.6,76700.0,75683.2,76195.2,35282.838,1.0
1731182400000,76195.2,76920.0,76158.8,76675.1,20582.258,1.0
1731196800000,76675.1,77543.1,76501.1,77204.0,45047.568,1.0
1731211200000,77204.0,79882.8,77133.3,78858.2,112080.688,1.0
1731225600000,78858.2,80178.0,78858.1,79926.7,48780.387,1.0
1731240000000,79926.7,80200.0,79200.0,79735.1,54489.793,1.0
1731254400000,79735.1,81199.0,79386.0,79793.4,75109.372,1.0
1731268800000,79793.4,81699.8,78549.2,80410.0,81919.091,1.0
1731283200000,80409.9,81944.6,80261.2,81662.4,47331.713,1.0
1731297600000,81662.3,81783.5,80467.0,81147.9,38159.913,1.0
1731312000000,81147.8,82431.4,81051.6,82168.7,52573.957,1.0
1731326400000,82168.7,84359.7,81467.5,84114.2,143031.996,1.0
1731340800000,84114.1,86971.0,83897.2,86181.0,158908.501,0.0
1731355200000,86180.9,89800.0,86123.1,88728.9,174135.582,0.0
1731369600000,88729.0,89589.2,86657.4,88145.1,112158.288,1.0
1731384000000,88145.0,90070.1,87769.0,89095.4,82836.942,0.0
1731398400000,89095.5,89590.2,85500.0,87229.5,152590.451,1.0
1731412800000,87229.5,87933.3,85159.9,86659.9,131106.429,1.0
1731427200000,86660.0,89830.0,85792.5,88762.8,98262.57,0.0
1731441600000,88762.9,89920.0,87384.6,87972.0,62526.904,1.0
1731456000000,87972.0,88619.0,87061.6,87198.2,50628.657,1.0
1731470400000,87198.3,87755.0,86180.0,87402.9,52550.607,1.0
1731484800000,87402.9,88154.3,87132.4,87710.7,32402.081,1.0
1731499200000,87710.7,92808.0,87551.0,92608.1,179178.401,-1.0
1731513600000,92608.0,93421.1,90005.8,90218.8,144613.188,0.0
1731528000000,90218.8,91233.0,88005.1,90413.3,95915.363,0.0
1731542400000,90413.3,90642.5,89531.7,89988.0,37865.206,0.0
1731556800000,89988.1,90900.0,89095.5,90818.9,35453.645,0.0
1731571200000,90818.9,91726.1,90370.0,91536.7,58116.522,0.0
1731585600000,91536.8,91846.1,87855.0,88000.0,106437.305,0.0
1731600000000,87999.9,89763.9,87555.0,89502.7,59001.492,0.0
1731614400000,89502.6,89502.6,86714.0,87382.7,67747.51,0.0
1731628800000,87382.6,88544.5,87302.4,88253.1,33647.259,0.0
1731643200000,88253.2,88450.0,87111.0,87693.9,30043.698,0.0
1731657600000,87693.9,89831.1,87418.4,89782.9,45281.393,0.0
1731672000000,89783.0,90780.0,87815.0,88485.4,100346.13,0.0
1731686400000,88485.5,90898.0,88428.9,90418.4,60358.503,0.0
1731700800000,90418.5,91921.5,90371.1,91074.6,44754.925,0.0
1731715200000,91074.6,91745.0,90900.0,91286.8,22409.14,0.0
1731729600000,91286.9,91849.8,91107.4,91173.3,15216.836,0.0
1731744000000,91173.3,91650.1,91050.0,91240.1,16860.827,0.0
1731758400000,91240.1,91384.4,90120.0,90578.0,37507.082,0.0
1731772800000,90577.9,91443.5,90250.0,91176.9,22394.018,0.0
1731787200000,91176.9,91253.7,90350.3,90643.3,14635.544,0.0
1731801600000,90643.2,90954.9,89400.1,90294.9,31001.004,0.0
1731816000000,90294.9,90949.9,90194.2,90600.0,19011.425,0.0
1731830400000,90600.0,91539.6,90523.3,90743.4,25814.112,0.0
1731844800000,90743.3,91250.0,89935.7,90305.1,32101.076,0.0
1731859200000,90305.2,90701.0,89713.7,90099.5,25084.894,0.0
1731873600000,90099.6,90276.3,88736.1,89899.9,34492.281,0.0
1731888000000,89900.0,91000.0,89666.9,90728.6,22915.771,0.0
1731902400000,90728.6,92414.9,90502.1,91795.9,38769.822,0.0
1731916800000,91795.9,92338.9,90077.7,90338.7,44082.727,0.0
1731931200000,90338.7,92700.0,89422.1,92407.8,95658.795,0.0
1731945600000,92407.8,92675.9,89706.2,90657.8,78011.62,0.0
1731960000000,90657.7,92084.7,90280.0,90507.4,54118.375,0.0
1731974400000,90507.4,91634.2,90405.6,91499.9,24546.623,0.0
1731988800000,91500.0,92123.7,91292.5,91696.0,23000.398,0.0
1732003200000,91696.1,92029.2,91250.0,91717.6,24939.284,0.0
1732017600000,91717.6,92885.0,91015.6,92453.3,96334.675,0.0
1732032000000,92455.5,93985.9,92105.9,93271.4,79233.61,1.0
1732046400000,93271.6,93633.1,91334.4,92335.9,55477.441,1.0
1732060800000,92335.9,92459.2,91500.0,92072.1,26421.429,1.0
1732075200000,92072.0,92866.6,91882.4,92856.6,21131.099,1.0
1732089600000,92856.6,93712.5,92730.2,93485.1,40106.881,1.0
1732104000000,93485.2,94849.0,93328.6,94737.6,96267.382,0.0
1732118400000,94737.6,94840.0,93093.3,93999.9,78303.055,1.0
1732132800000,93999.9,94626.8,93750.3,94288.0,27814.381,1.0
1732147200000,94288.0,95991.4,94008.7,95790.2,61140.448,0.0
1732161600000,95790.1,97899.9,95790.1,96950.0,83899.747,0.0
1732176000000,96950.0,98438.9,96757.6,98014.0,54909.632,0.0
1732190400000,98014.0,98289.3,95625.0,96684.0,103958.368,0.0
1732204800000,96684.1,99100.0,96311.0,97891.5,76195.107,0.0
1732219200000,97891.5,98767.0,97531.7,98366.8,38279.834,0.0
1732233600000,98366.8,99414.0,97860.1,98888.9,38616.603,0.0
1732248000000,98888.9,99537.6,98550.0,99252.6,32825.662,0.0
1732262400000,99252.6,99340.0,98300.0,98929.9,33443.457,0.0
1732276800000,98930.0,99019.2,97199.9,98696.5,77364.746,0.0
1732291200000,98696.6,99660.0,98264.2,99112.6,54528.558,0.0
1732305600000,99112.6,99500.0,98508.1,98921.4,28995.041,0.0
1732320000000,98921.5,98937.3,98309.9,98702.6,17253.83,0.0
1732334400000,98702.6,98842.8,98314.4,98600.6,14055.072,0.0
1732348800000,98600.5,98666.0,98355.0,98470.8,11785.19,0.0
1732363200000,98470.8,98916.8,98412.8,98426.0,19215.669,0.0
1732377600000,98426.1,98504.4,97368.0,97562.4,40309.275,0.0
1732392000000,97562.5,98088.4,97173.5,97725.5,17739.386,0.0
1732406400000,97725.6,98666.0,97670.9,98260.8,17187.628,0.0
1732420800000,98260.9,98490.8,97947.4,98490.1,12556.249,-1.0
1732435200000,98490.1,98578.9,97286.0,97337.6,20554.068,0.0
1732449600000,97337.6,97680.0,95976.0,95986.4,60350.265,0.0
1732464000000,95986.3,96846.4,95822.1,96396.8,32601.995,0.0
1732478400000,96396.8,98429.7,96265.1,97960.4,29868.635,-1.0
1732492800000,97960.5,98106.9,96929.9,97935.9,22932.841,-1.0
1732507200000,97935.8,98421.6,97600.0,98112.9,20355.41,-1.0
1732521600000,98113.0,98999.0,97911.1,98268.0,32738.055,-1.0
1732536000000,98268.1,98390.0,94665.4,96040.4,112741.637,0.0
1732550400000,96040.4,96562.7,94467.4,94723.6,64872.212,0.0
1732564800000,94723.7,95366.8,92666.0,93064.0,75734.866,0.0
1732579200000,93064.0,94981.8,92800.1,94537.8,39545.582,0.0
1732593600000,94537.7,95064.0,93533.9,93842.1,24648.316,0.0
1732608000000,93842.1,93846.1,91553.0,92420.0,90231.256,0.0
1732622400000,92420.0,93639.5,91809.9,92877.4,73826.177,0.0
1732636800000,92877.4,94745.2,91650.6,91760.0,67285.049,1.0
1732651200000,91760.0,92443.2,90866.4,92021.4,49392.853,1.0
1732665600000,92021.5,93133.0,91864.0,92645.3,30203.735,0.0
1732680000000,92645.2,93721.8,92413.2,93651.3,23144.634,0.0
1732694400000,93651.3,93939.0,93167.2,93423.8,21517.494,0.0
1732708800000,93423.8,95908.0,92903.4,95610.5,67850.746,0.0
1732723200000,95610.4,96687.4,95238.7,96670.0,54604.299,0.0
1732737600000,96670.1,97250.0,95776.6,95905.2,39685.079,0.0
1732752000000,95905.2,96627.6,94878.2,95523.1,30725.546,0.0
1732766400000,95523.1,95985.1,95135.8,95371.6,21039.487,0.0
1732780800000,95371.5,95862.0,94700.1,95509.9,28019.076,0.0
1732795200000,95509.9,96284.0,94950.0,95067.3,35794.858,0.0
1732809600000,95067.3,95521.5,94863.8,95196.3,18747.366,0.0
1732824000000,95196.4,96082.7,94768.0,95694.4,19680.693,0.0
1732838400000,95694.4,96932.9,95404.5,96646.4,24959.608,0.0
1732852800000,96646.5,96684.4,95669.4,95690.2,19223.755,0.0
1732867200000,95690.2,97437.1,95690.1,97302.2,30200.689,0.0
1732881600000,97302.2,98713.3,96822.0,98076.2,60395.647,0.0
1732896000000,98076.3,98514.9,96903.2,97380.0,41569.331,0.0
1732910400000,97380.0,97687.4,97036.9,97516.3,14171.919,0.0
1732924800000,97516.2,97522.1,96400.0,96708.1,23965.592,0.0
1732939200000,96708.1,97300.0,96599.8,96843.3,19485.822,0.0
1732953600000,96843.3,97047.2,96150.0,96321.3,16897.44,0.0
1732968000000,96321.3,96800.0,96300.0,96707.4,11979.631,0.0
1732982400000,96707.4,97128.4,96581.9,97072.5,10495.275,0.0
1732996800000,97072.6,97109.1,96380.0,96475.1,10250.458,0.0
1733011200000,96475.2,96746.3,95736.5,96404.0,26132.18,0.0
1733025600000,96404.0,96585.0,96249.1,96525.4,9153.515,0.0
1733040000000,96525.4,97250.0,96480.0,97163.7,21533.374,0.0
1733054400000,97163.7,97481.3,96705.3,97081.4,20941.01,0.0
1733068800000,97081.5,97632.8,97029.5,97242.0,15616.016,0.0
1733083200000,97242.1,97933.0,96852.7,97265.1,19846.895,0.0
1733097600000,97265.0,98266.0,96402.5,96549.8,29835.063,0.0
1733112000000,96549.9,97000.0,95788.4,96053.6,39372.545,0.0
1733126400000,96053.5,96177.9,94887.0,95191.3,43471.871,0.0
1733140800000,95191.4,97286.2,94826.0,97106.5,60495.623,0.0
1733155200000,97106.6,97435.0,94400.0,95873.9,63080.969,0.0
1733169600000,95873.9,96389.9,95171.5,95890.5,21357.84,0.0
1733184000000,95890.6,96375.0,95463.6,96136.8,18629.132,0.0
1733198400000,96136.8,96324.9,95336.3,95608.8,17487.71,0.0
1733212800000,95608.8,95739.8,94661.3,95045.8,25645.596,1.0
1733227200000,95045.9,96315.5,93605.0,95743.7,85647.457,1.0
1733241600000,95744.7,96236.3,94925.8,95512.7,38288.732,1.0
1733256000000,95512.6,96200.0,95337.2,95913.3,20903.353,1.0
1733270400000,95913.3,96740.0,95271.6,95852.0,27822.359,1.0
1733284800000,95852.1,96799.9,95783.5,96652.1,18405.832,1.0
1733299200000,96652.2,97041.1,96239.7,96270.0,20925.907,1.0
1733313600000,96270.1,96634.6,95398.1,95813.0,54479.082,1.0
1733328000000,95813.0,97310.3,94650.8,97283.4,67941.454,1.0
1733342400000,97283.4,99099.9,97189.3,98669.8,86374.571,0.0
1733356800000,98669.8,104630.4,97970.5,103084.8,155798.412,-1.0
1733371200000,103084.7,103696.7,101359.8,102292.1,69178.653,-1.0
1733385600000,102292.1,103228.9,102290.3,102668.2,31253.697,-1.0
1733400000000,102668.2,103661.7,100932.6,101350.1,82540.521,0.0
1733414400000,101350.1,102063.8,98704.6,99111.6,78445.371,0.0
1733428800000,99111.5,99542.9,90200.0,97001.5,163060.737,0.0
1733443200000,97001.6,98858.6,96429.5,97802.7,54871.518,0.0
1733457600000,97802.7,98356.6,97422.8,98209.6,23490.73,0.0
1733472000000,98209.7,98765.4,97705.2,98127.4,34097.618,0.0
1733486400000,98127.4,99592.1,97550.0,99358.5,67051.277,0.0
1733500800000,99358.5,101900.0,98800.0,101532.6,67789.279,0.0
1733515200000,101532.6,101988.8,99111.0,99802.5,35069.186,0.0
1733529600000,99802.5,100499.0,99361.0,99383.0,19615.533,0.0
1733544000000,99383.0,99741.0,98876.9,99442.6,21001.06,0.0
1733558400000,99442.6,99895.3,99314.8,99660.4,12084.542,0.0
1733572800000,99660.3,99890.0,99101.7,99811.4,15668.723,0.0
1733587200000,99811.5,100336.8,99528.0,100140.6,15477.404,0.0
1733601600000,100140.7,100497.5,99655.0,99899.2,12011.396,0.0
1733616000000,99899.2,100415.0,99686.4,99996.7,10362.305,0.0
1733630400000,99996.7,100100.0,99388.5,99741.5,11720.725,0.0
1733644800000,99741.6,99898.0,98709.4,99755.3,24081.257,0.0
1733659200000,99755.2,100597.5,99409.3,99975.0,29860.114,0.0
1733673600000,99974.9,100272.2,99538.4,100182.3,14904.59,0.0
1733688000000,100182.4,101457.9,99800.0,101200.0,18826.685,-1.0
1733702400000,101200.1,101300.0,98500.1,99180.0,41149.178,0.0
1733716800000,99179.9,99798.1,98374.3,99637.1,29272.885,0.0
1733731200000,99637.2,99757.5,98112.0,98157.4,37959.165,0.0
1733745600000,98157.5,100481.3,97555.0,97856.0,78567.275,0.0
1733760000000,97856.1,98448.5,97029.5,97126.8,42609.82,0.0
1733774400000,97126.8,97627.3,94039.7,97349.1,97415.267,0.0
1733788800000,97349.1,98197.8,95591.9,96958.0,47046.703,0.0
1733803200000,96957.9,97540.8,95923.8,97217.7,28323.888,0.0
1733817600000,97217.7,97948.0,96961.1,97745.8,20244.349,0.0
1733832000000,97745.7,98320.6,95639.5,95687.9,69046.59,1.0
1733846400000,95674.8,96566.8,94265.5,95862.9,98509.952,1.0
1733860800000,95862.9,97238.9,95621.1,96602.4,28319.262,1.0
1733875200000,96602.3,97643.0,95650.0,97406.8,37997.227,0.0
1733889600000,97406.9,97800.0,97185.7,97337.9,14407.389,0.0
1733904000000,97337.9,98499.9,97310.6,98289.7,24609.143,0.0
1733918400000,98289.7,100798.6,98047.5,100352.7,66071.763,0.0
1733932800000,100352.7,101136.6,99583.4,101094.1,50125.706,0.0
1733947200000,101094.2,101880.0,100844.6,101115.3,28596.477,0.0
1733961600000,101115.3,101812.3,100309.8,101000.0,27234.965,0.0
1733976000000,101000.0,101162.1,100359.6,100481.6,17652.59,0.0
1733990400000,100481.5,101122.4,100150.0,100339.8,20809.1,0.0
1734004800000,100339.8,101850.0,100336.3,101775.1,56891.436,0.0
1734019200000,101775.1,102538.4,99280.2,99455.1,64519.39,0.0
1734033600000,99455.1,100461.5,99428.6,99982.4,28111.594,0.0
1734048000000,99982.3,100333.0,99149.6,99690.6,21321.108,0.0
1734062400000,99690.6,100215.0,99446.4,100100.0,15814.867,0.0
1734076800000,100099.9,100770.0,99863.5,100331.3,17660.896,0.0
1734091200000,100331.3,101339.0,99653.6,99831.0,38171.736,0.0
1734105600000,99831.0,101869.5,99750.0,101416.0,45302.268,0.0
1734120000000,101416.1,101822.4,101028.7,101371.9,14166.443,0.0
1734134400000,101371.9,102638.0,101106.1,102040.7,30294.884,0.0
1734148800000,102040.7,102113.6,101557.8,101787.0,12566.304,0.0
1734163200000,101787.0,101840.2,101298.4,101562.7,9813.394,0.0
1734177600000,101562.6,101729.2,100777.0,101601.9,26386.649,0.0
1734192000000,101601.9,101716.3,100806.0,101293.0,17681.995,0.0
1734206400000,101293.1,101450.0,100559.8,101381.0,10937.323,0.0
1734220800000,101381.0,102165.4,101200.1,101700.1,15592.176,0.0
1734235200000,101700.0,102900.0,101460.8,101671.9,27541.411,0.0
1734249600000,101671.8,102666.0,101525.2,102623.1,15406.991,0.0
1734264000000,102623.0,103362.3,102438.0,102668.5,31971.916,0.0
1734278400000,102668.5,103498.9,102556.3,103227.7,18789.402,0.0
1734292800000,103227.8,105374.6,102592.4,104460.4,48432.02,0.0
1734307200000,104460.5,106665.8,104245.2,104560.0,62637.778,0.0
1734321600000,104560.0,105390.0,104439.3,104949.9,18270.625,0.0
1734336000000,104950.0,104991.7,103585.2,103717.8,24163.793,0.0
1734350400000,103717.9,106466.9,103264.6,106281.2,72852.537,0.0
1734364800000,106281.1,107777.0,105769.0,106546.0,71322.401,0.0
1734379200000,106546.1,106618.2,105424.0,106023.2,25148.622,0.0
1734393600000,106023.2,106980.0,105623.0,106824.4,21309.575,0.0
1734408000000,106824.4,107113.9,106331.6,106784.0,16950.593,-1.0
1734422400000,106784.0,107493.9,106671.7,106777.2,21219.982,-1.0
1734436800000,106777.1,108366.8,105674.0,106429.9,71086.715,-1.0
1734451200000,106429.9,107596.0,106104.6,106450.5,40303.166,-1.0
1734465600000,106450.4,106877.3,105252.0,106074.6,26903.881,-1.0
1734480000000,106074.6,106484.6,104527.6,104716.8,36652.409,-1.0
1734494400000,104716.8,104716.9,103065.6,104200.1,46474.659,-1.0
1734508800000,104200.1,104993.7,103683.9,104978.6,21989.201,-1.0
1734523200000,104978.6,105343.8,103611.7,104395.1,45761.763,-1.0
1734537600000,104395.2,104959.4,102777.1,102782.1,60569.29,-1.0
1734552000000,102781.8,102954.8,99951.1,100181.1,117134.613,-1.0
1734566400000,100181.2,101305.1,98744.0,101163.3,68598.754,-1.0
1734580800000,101163.4,101694.9,100613.2,101615.2,19507.702,-1.0
1734595200000,101615.1,102600.0,101338.8,102419.9,23149.224,-1.0
1734609600000,102420.0,102756.7,99455.0,100631.1,75610.02,-1.0
1734624000000,100631.1,101162.5,96233.7,97172.1,121737.036,0.0
1734638400000,97172.2,98391.4,95681.2,97434.4,64365.727,0.0
1734652800000,97434.3,97795.5,95946.9,97083.2,42560.281,0.0
1734667200000,97083.2,98243.0,96350.1,97826.1,44423.807,-1.0
1734681600000,97826.1,97867.5,92613.7,92715.1,108658.87,1.0
1734696000000,92715.1,97555.0,92272.6,96961.3,115205.819,0.0
1734710400000,96961.4,97721.0,96254.0,97079.6,53735.933,0.0
1734724800000,97079.6,97777.0,95393.8,97764.4,31604.085,0.0
1734739200000,97764.5,97773.1,97142.0,97444.9,16567.071,0.0
1734753600000,97444.9,99485.0,97330.0,98988.1,32678.501,0.0
1734768000000,98988.0,99137.5,97757.8,98225.3,25724.796,0.0
1734782400000,98225.4,98253.5,96375.0,97486.5,42516.701,0.0
1734796800000,97486.6,97695.0,96800.0,97242.2,22571.885,0.0
1734811200000,97242.3,98084.9,96520.0,97261.8,21199.526,0.0
1734825600000,97261.7,97437.9,96532.0,96965.1,16009.718,0.0
1734840000000,96965.1,97057.0,95867.3,96192.1,22249.568,0.0
1734854400000,96192.1,97322.1,96172.1,97054.8,16254.938,0.0
1734868800000,97054.7,97266.6,95085.0,95341.0,35517.211,0.0
1734883200000,95341.0,96426.7,94642.4,94795.4,27681.696,0.0
1734897600000,94795.4,95787.7,94200.0,95153.5,30401.604,0.0
1734912000000,95153.4,96019.8,93655.3,95989.9,43781.728,0.0
1734926400000,95989.8,96488.8,94639.5,95360.5,28583.122,0.0
1734940800000,95360.5,96499.0,94974.2,95899.4,21634.571,0.0
1734955200000,95899.4,96377.2,93060.3,93217.6,63342.199,1.0
1734969600000,93217.7,94249.3,92634.7,92997.7,49457.666,1.0
1734984000000,92997.7,95480.4,92464.4,94861.1,40412.569,0.0
1734998400000,94861.0,94861.1,93525.6,94330.1,24731.379,0.0
1735012800000,94330.1,94638.6,93774.4,94200.0,14943.809,1.0
1735027200000,94199.9,94618.0,93800.0,94369.0,14932.806,1.0
1735041600000,94368.3,98274.9,94039.8,98243.5,66173.325,0.0
1735056000000,98243.5,99450.0,97522.5,97558.5,60647.937,0.0
1735070400000,97558.4,99074.8,97226.2,98627.2,30181.376,0.0
1735084800000,98626.9,98848.4,97681.3,98000.0,16945.268,0.0
1735099200000,98000.1,98539.5,97807.5,98049.7,11793.716,0.0
1735113600000,98049.8,99323.3,97709.9,97889.3,28204.972,0.0
1735128000000,97888.4,98797.9,97570.0,98493.3,27000.386,0.0
1735142400000,98493.3,99258.0,98100.0,98981.3,16271.137,0.0
1735156800000,98981.3,99580.7,98331.5,99379.7,24481.413,0.0
1735171200000,99379.6,99950.0,98400.1,98957.7,30003.867,0.0
1735185600000,98957.7,98957.7,97647.2,97669.6,20353.109,0.0
1735200000000,97669.5,97721.8,95153.0,95662.7,61946.222,0.0
1735214400000,95662.6,96227.4,95200.1,95993.5,37273.37,0.0
1735228800000,95993.1,96580.0,95400.0,96064.8,28521.113,0.0
1735243200000,96064.8,96079.9,95276.4,95751.0,16759.97,0.0
1735257600000,95750.9,96419.0,95350.1,96377.8,24193.173,0.0
1735272000000,96377.8,96580.0,94620.0,95074.4,33137.794,0.0
1735286400000,95080.1,97564.5,95080.1,96900.3,47936.629,0.0
1735300800000,96900.3,96999.0,93982.4,94539.9,46582.934,0.0
1735315200000,94539.9,94979.9,93440.0,94720.3,38793.661,0.0
1735329600000,94720.2,94794.0,94094.0,94258.9,15364.052,0.0
1735344000000,94258.9,94687.6,94100.0,94550.6,9504.565,0.0
1735358400000,94550.6,94762.3,94256.9,94334.7,7504.281,0.0
1735372800000,94334.6,94850.0,94261.7,94711.3,8716.735,0.0
1735387200000,94711.3,95346.1,94320.0,94407.7,20174.431,0.0
1735401600000,94407.8,95197.3,94356.5,94993.8,12257.034,0.0
1735416000000,94993.7,95700.0,94836.0,95259.1,9834.303,0.0
1735430400000,95259.1,95300.0,94761.0,95135.3,8086.524,0.0
1735444800000,95135.3,95250.0,94930.0,95233.2,4847.215,0.0
1735459200000,95233.3,95286.4,94968.4,94986.1,5718.538,0.0
1735473600000,94986.2,95195.0,93925.4,94468.4,25557.782,0.0
1735488000000,94468.3,94537.7,93333.0,93559.6,26206.812,0.0
1735502400000,93559.5,93892.5,92961.8,93700.0,24631.063,0.0
1735516800000,93699.9,94240.0,93326.0,93681.1,19319.653,0.0
1735531200000,93680.8,94048.9,93181.8,93688.9,16272.993,0.0
1735545600000,93688.9,94053.5,93433.0,93900.1,14170.338,0.0
1735560000000,93900.1,94249.9,91510.0,92081.5,70350.035,0.0
1735574400000,92081.5,94668.5,91758.3,94400.0,56405.037,0.0
1735588800000,94400.1,95031.6,91850.0,92759.3,45825.537,0.0
1735603200000,92759.3,92875.4,92000.0,92481.5,16941.843,0.0
1735617600000,92481.5,93000.0,92315.4,92819.6,11095.688,0.0
1735632000000,92819.5,94738.4,92800.0,94202.5,36509.765,0.0
1735646400000,94202.4,96254.3,94202.4,95389.4,58306.271,0.0
1735660800000,95389.3,95569.6,93145.1,94155.8,41481.273,0.0
1735675200000,94155.8,94218.3,93343.4,93548.9,14313.276,0.0
1735689600000,93548.8,94449.2,93460.2,93810.0,13962.019,0.0
1735704000000,93810.0,93914.7,93502.0,93660.7,7852.483,0.0
1735718400000,93660.7,93735.2,92796.5,93420.1,19004.988,0.0
1735732800000,93420.1,94489.5,93375.0,94409.9,22127.069,0.0
1735747200000,94409.9,94823.2,93729.2,94612.1,14907.698,0.0
1735761600000,94612.1,95161.2,94522.1,94580.9,13382.403,0.0
1735776000000,94580.9,95523.5,94357.4,95000.0,22798.717,0.0
1735790400000,95000.0,96031.4,94971.3,95815.3,20140.275,0.0
1735804800000,95815.4,96870.9,95612.5,96715.4,25249.289,0.0
1735819200000,96715.4,97440.0,95910.8,96428.5,52717.632,0.0
1735833600000,96428.5,97777.0,96018.7,97292.7,44624.753,0.0
1735848000000,97292.7,97822.4,96642.7,96967.5,16114.829,0.0
1735862400000,96967.6,97325.7,96622.0,97019.1,11388.626,0.0
1735876800000,97019.1,97034.9,96236.6,96275.0,14493.689,0.0
1735891200000,96275.1,96788.0,96061.5,96710.5,16109.732,0.0
1735905600000,96710.4,97637.7,96422.5,97479.5,33904.407,0.0
1735920000000,97479.6,98949.0,97353.6,98545.5,36541.023,0.0
1735934400000,98545.6,98705.0,98028.5,98145.7,12783.197,0.0
1735948800000,98145.7,98272.6,97762.1,98149.4,11796.611,0.0
1735963200000,98149.3,98300.0,97830.0,98244.2,7743.12,0.0
1735977600000,98244.2,98300.0,97438.2,97831.8,14626.729,0.0
1735992000000,97831.8,98117.6,97472.0,97623.6,15225.112,0.0
1736006400000,97623.5,98334.6,97535.7,98120.3,9987.065,0.0
1736020800000,98120.4,98760.9,98076.4,98173.2,12535.997,0.0
1736035200000,98173.2,98349.8,98001.1,98160.1,5656.739,0.0
1736049600000,98160.0,98496.3,98160.0,98225.3,7364.236,0.0
1736064000000,98225.3,98225.4,97533.6,97609.5,13194.206,0.0
1736078400000,97609.5,98248.5,97227.0,97986.6,19204.699,0.0
1736092800000,97987.1,98297.3,97530.0,98050.0,12523.264,0.0
1736107200000,98050.0,98852.6,97986.3,98340.2,17006.145,0.0
1736121600000,98340.2,99278.0,97872.6,99005.0,26621.424,0.0
1736136000000,99005.0,99886.7,99005.0,99280.0,25842.394,0.0
1736150400000,99280.0,99600.0,98662.7,99219.3,21919.386,0.0
1736164800000,99219.2,102443.9,98670.0,102104.5,78806.424,-1.0
1736179200000,102104.5,102444.0,101223.0,101771.7,38386.837,-1.0
1736193600000,101771.7,102298.8,101551.2,102180.4,15916.864,-1.0
1736208000000,102180.5,102762.1,101459.4,101661.3,18124.335,-1.0
1736222400000,101661.4,101986.1,101528.8,101649.3,9587.694,-1.0
1736236800000,101649.3,101973.1,100435.4,100787.0,27244.306,-1.0
1736251200000,100787.0,100914.2,97100.0,97915.3,102572.629,0.0
1736265600000,97915.4,98307.9,96295.9,96433.3,68434.86,0.0
1736280000000,96433.3,97185.8,96153.0,96920.3,32747.485,0.0
1736294400000,96920.2,97242.2,96200.0,96504.1,22590.19,0.0
1736308800000,96504.1,96616.3,95222.0,95628.4,38378.445,0.0
1736323200000,95628.3,96100.0,94480.7,95093.9,33435.244,0.0
1736337600000,95093.8,96064.5,94588.9,95450.0,55769.475,0.0
1736352000000,95449.9,95456.2,92500.0,94217.2,87321.554,0.0
1736366400000,94217.1,95265.8,93509.8,95014.1,24517.205,0.0
1736380800000,95014.0,95358.7,93405.3,93985.0,32781.223,0.0
1736395200000,93985.0,94582.0,93156.0,93176.4,23080.953,0.0
1736409600000,93176.5,93832.8,92700.0,93414.4,35074.143,0.0
1736424000000,93414.3,94547.7,91747.0,94195.2,67736.15,0.0
1736438400000,94195.1,94644.8,91853.0,91858.3,54387.438,0.0
1736452800000,91858.2,92674.9,91055.8,92505.9,44700.995,0.0
1736467200000,92506.0,93682.8,92395.9,93654.9,20708.684,0.0
1736481600000,93655.0,94975.2,93450.8,94457.0,26429.005,0.0
1736496000000,94457.0,95239.9,94344.5,95030.5,24667.579,0.0
1736510400000,95030.5,95078.0,92173.6,93704.0,110225.73,0.0
1736524800000,93704.0,95882.5,93151.5,95275.9,64309.711,0.0
1736539200000,95276.0,95412.3,94531.4,94675.5,15602.245,0.0
1736553600000,94675.6,94700.0,94060.8,94168.3,10624.496,0.0
1736568000000,94168.3,94394.3,93802.1,94210.3,9858.079,0.0
1736582400000,94210.2,94757.9,94000.0,94570.4,11530.321,0.0
1736596800000,94570.4,94613.6,94262.1,94365.8,8787.678,0.0
1736611200000,94365.9,94680.3,93943.0,94206.5,12137.832,0.0
1736625600000,94206.5,94988.0,94150.9,94562.5,11723.357,0.0
1736640000000,94562.4,94665.7,94260.0,94586.0,6125.373,0.0
1736654400000,94586.0,94614.5,94227.2,94291.3,4831.221,0.0
1736668800000,94291.2,94359.5,93661.1,94209.0,15455.056,0.0
1736683200000,94209.0,95444.0,94128.0,95035.6,21151.098,0.0
1736697600000,95035.7,95278.0,94527.8,94625.1,11349.438,0.0
1736712000000,94625.0,94777.2,93727.4,94499.9,18385.947,0.0
1736726400000,94499.9,95934.5,93852.0,94215.4,39756.953,0.0
1736740800000,94215.4,94878.0,93222.2,93557.9,29936.963,0.0
1736755200000,93557.9,93626.1,90809.8,90827.5,69147.558,1.0
1736769600000,90827.5,93055.0,88909.0,92093.6,127451.604,1.0
1736784000000,92093.7,92501.5,91207.8,92274.8,54692.581,1.0
1736798400000,92274.9,94681.1,91869.3,94485.3,40164.831,0.0
1736812800000,94485.4,95260.0,94305.4,94821.2,22691.711,1.0
1736827200000,94821.3,95437.8,94710.0,94823.3,16022.964,1.0
1736841600000,94823.4,97353.9,94823.3,96508.4,55743.583,0.0
1736856000000,96508.3,97250.0,95715.8,96416.7,59887.331,0.0
1736870400000,96416.8,97044.8,95309.9,96496.5,43657.669,0.0
1736884800000,96496.5,96882.8,96100.1,96514.9,14856.403,0.0
1736899200000,96514.9,97530.2,96450.2,97288.7,26432.753,0.0
1736913600000,97288.8,97688.0,96689.2,97253.7,22265.926,0.0
1736928000000,97253.7,97488.0,96480.0,96725.4,20975.23,0.0
1736942400000,96725.5,99746.6,96500.0,98943.4,85483.105,0.0
1736956800000,98943.3,100038.1,98550.1,99807.4,34322.161,0.0
1736971200000,99807.4,100658.9,99410.3,100460.0,32938.391,0.0
1736985600000,100460.0,100850.0,99106.8,99438.8,28294.304,1.0
1737000000000,99438.9,99869.2,99284.2,99756.5,12552.843,1.0
1737014400000,99756.5,99787.8,98557.8,99107.1,34575.941,1.0
1737028800000,99107.1,99479.7,97293.6,99258.3,68005.563,1.0
1737043200000,99258.2,100426.0,99023.9,100382.0,46977.234,1.0
1737057600000,100382.0,100599.8,99326.3,99937.4,26396.635,1.0
1737072000000,99937.4,102133.7,99902.0,101005.1,45074.023,0.0
1737086400000,101005.2,101845.6,100900.0,101406.9,16966.096,0.0
1737100800000,101406.9,102568.8,101400.0,102181.6,30304.328,0.0
1737115200000,102181.6,104198.9,102137.1,103946.2,68462.094,0.0
1737129600000,103946.3,105784.0,103772.6,105770.9,59774.108,0.0
1737144000000,105771.0,105783.9,104024.8,104042.5,28869.32,0.0
1737158400000,104042.6,104620.0,103001.1,103531.1,21840.674,0.0
1737172800000,103531.2,103746.7,102561.0,102781.0,37862.007,0.0
1737187200000,102781.1,103855.0,102242.8,103547.0,31937.663,0.0
1737201600000,103547.0,104962.1,103086.5,104517.1,32980.549,0.0
1737216000000,104517.1,104681.7,103110.0,104349.9,30255.347,0.0
1737230400000,104349.9,104744.3,103750.0,104524.3,13063.852,0.0
1737244800000,104524.3,105439.0,103980.0,104958.3,20810.853,0.0
1737259200000,104958.2,105629.4,104214.6,105151.8,24589.2,0.0
1737273600000,105151.8,105458.4,103458.6,104353.8,48225.235,0.0
1737288000000,104353.8,105743.1,104285.7,104936.0,36699.724,0.0
1737302400000,104936.0,106259.8,104520.0,106247.9,21082.5,0.0
1737316800000,106247.9,106450.0,99600.0,101311.5,129541.666,1.0
1737331200000,101311.5,102300.0,99501.0,101874.5,78880.347,1.0
1737345600000,101873.8,110000.0,101519.5,107178.8,116597.377,0.0
1737360000000,107178.8,109300.8,107140.0,108267.5,43506.419,-1.0
1737374400000,108267.6,108756.6,104500.0,105008.7,85667.609,0.0
1737388800000,105001.3,107082.8,100138.2,103674.2,174874.235,0.0
1737403200000,103674.3,104313.2,101714.4,102247.6,30982.193,0.0
1737417600000,102247.7,103279.9,100097.2,102922.7,54348.06,0.0
1737432000000,102922.7,102972.5,101102.8,101980.7,27001.2,0.0
1737446400000,101980.7,103956.2,101719.4,103725.0,28413.984,0.0
1737460800000,103725.0,105292.3,102800.0,103929.1,64361.253,0.0
1737475200000,103929.1,107241.6,103781.5,106989.9,68892.901,0.0
1737489600000,106989.9,107180.0,105400.2,106114.5,30279.43,0.0
1737504000000,106115.4,106390.0,105431.9,105588.2,16342.423,0.0
1737518400000,105588.1,105948.6,105037.2,105063.8,16263.508,0.0
1737532800000,105063.8,105449.9,104610.0,105083.9,19448.044,0.0
1737547200000,105083.9,105557.2,103612.0,104138.0,47832.318,0.0
1737561600000,104138.1,104721.8,103211.6,104600.0,32231.051,0.0
1737576000000,104600.0,104804.5,103556.7,103664.9,19126.184,0.0
1737590400000,103664.9,103777.4,102082.0,102417.0,30890.534,0.0
1737604800000,102417.1,102955.0,101550.4,102668.4,24694.165,0.0
1737619200000,102668.3,102668.4,101211.0,101909.2,21357.796,0.0
1737633600000,101909.2,106000.0,101279.8,105235.2,136243.99,0.0
1737648000000,105235.2,106840.2,103342.0,103713.7,83709.753,0.0
1737662400000,103713.7,106387.4,102161.9,103864.1,121257.781,0.0
1737676800000,103864.0,104289.9,102680.0,103842.6,24734.677,0.0
1737691200000,103842.6,105331.2,103745.5,104999.9,21476.673,0.0
1737705600000,104999.9,105732.1,104875.7,105374.0,18221.84,0.0
1737720000000,105374.1,106307.6,104623.0,105821.8,36536.511,0.0
1737734400000,105821.3,107076.5,105533.0,105726.7,39006.248,0.0
1737748800000,105726.7,105733.4,104400.0,104808.1,25771.001,0.0
1737763200000,104808.0,105234.5,104310.0,105153.9,14022.122,0.0
1737777600000,105153.9,105153.9,104128.2,104349.3,10568.419,0.0
1737792000000,104349.4,104650.5,104040.6,104626.8,10038.856,0.0
1737806400000,104626.9,105066.0,104400.1,104852.1,10788.444,-1.0
1737820800000,104852.1,105274.7,104410.8,105005.6,13101.27,-1.0
1737835200000,105005.7,105234.3,104643.3,104702.0,7111.052,-1.0
1737849600000,104702.0,105263.3,104461.6,105036.5,8524.479,-1.0
1737864000000,105036.6,105496.9,104905.3,104963.7,6808.86,-1.0
1737878400000,104963.7,105208.8,104358.3,104775.6,13300.655,-1.0
1737892800000,104775.6,105043.4,104648.8,104919.9,6971.965,-1.0
1737907200000,104920.0,105237.0,104850.1,105050.1,6836.178,-1.0
1737921600000,105050.1,105175.0,102450.3,102560.1,33344.95,0.0
1737936000000,102560.0,103216.5,100632.5,101349.2,52340.587,0.0
1737950400000,101349.1,101349.3,97680.0,98996.3,72374.471,0.0
1737964800000,98996.3,99495.0,98200.0,98700.0,35594.681,0.0
1737979200000,98700.1,102267.8,98666.0,101070.8,80059.767,0.0
1737993600000,101070.8,101207.1,98820.6,99660.4,47155.292,0.0
1738008000000,99660.3,102423.3,99548.9,102021.3,38165.076,0.0
1738022400000,102021.3,102846.1,101263.0,102582.7,25966.028,0.0
1738036800000,102582.7,103325.3,102473.3,102753.8,20947.894,0.0
1738051200000,102754.3,103151.0,102352.3,102717.9,14152.903,0.0
1738065600000,102717.9,103797.0,101770.5,102730.6,41814.816,0.0
1738080000000,102730.6,103089.9,101778.0,102368.7,35294.657,0.0
1738094400000,102368.7,102495.0,100235.0,101279.6,31740.963,0.0
1738108800000,101279.7,102300.0,101269.7,101994.0,14925.038,0.0
1738123200000,101994.1,102800.6,101908.5,102723.2,12728.903,0.0
1738137600000,102723.2,103012.6,102153.8,102594.7,14137.703,0.0
1738152000000,102594.7,102783.7,101526.8,101934.2,28727.356,0.0
1738166400000,101934.2,103997.0,101365.0,103550.5,58082.504,0.0
1738180800000,103550.6,104755.0,102791.0,103698.2,41388.448,0.0
1738195200000,103698.1,105287.9,103224.5,105155.7,23135.964,0.0
1738209600000,105155.6,105564.5,104762.9,105085.1,21889.357,0.0
1738224000000,105085.2,105514.2,104879.3,105251.9,12288.148,0.0
1738238400000,105251.9,106450.0,104607.2,105519.4,41745.937,0.0
1738252800000,105519.4,105960.0,104704.1,105659.8,21888.068,0.0
1738267200000,105659.9,105767.1,104628.3,104676.9,16019.926,0.0
1738281600000,104676.9,104982.2,103880.0,104286.7,19595.66,0.0
1738296000000,104286.6,104776.4,103926.4,104160.1,15289.239,0.0
1738310400000,104160.0,104821.8,103888.6,104691.9,14789.404,-1.0
1738324800000,104692.0,106000.0,104050.0,105407.0,36319.944,-1.0
1738339200000,105406.9,105537.0,102100.0,102275.8,54110.43,0.0
1738353600000,102275.7,102443.9,101509.0,102379.7,32133.14,0.0
1738368000000,102379.8,102734.9,102131.0,102203.9,11261.398,0.0
1738382400000,102203.8,102543.0,102058.8,102127.0,7685.936,0.0
1738396800000,102127.0,102242.3,101344.0,101980.1,17719.955,-1.0
1738411200000,101980.0,102297.0,101680.0,102031.5,13065.456,-1.0
1738425600000,102031.6,102250.0,101392.9,101620.1,12351.277,-1.0
1738440000000,101620.1,101620.1,100215.0,100603.6,28779.069,-1.0
1738454400000,100603.6,101426.0,99111.0,99160.8,32062.059,-1.0
1738468800000,99160.8,100470.1,98989.0,99586.2,24488.446,-1.0
1738483200000,99586.2,100071.0,98550.0,98811.6,25456.429,0.0
1738497600000,98811.5,99384.5,98100.0,99298.6,33912.653,-1.0
1738512000000,99298.6,99319.0,96750.1,98232.0,67223.464,0.0
1738526400000,98232.0,98594.9,96029.6,97664.5,49791.642,0.0
1738540800000,97664.5,97748.0,91130.3,94001.6,168653.996,1.0
1738555200000,94001.6,95373.1,92595.7,95271.1,40481.456,1.0
1738569600000,95271.1,95891.9,94716.5,95070.8,36094.712,1.0
1738584000000,95070.9,99501.4,94111.0,98802.7,91828.338,0.0
1738598400000,98802.8,101832.0,97993.3,101831.9,73898.605,0.0
1738612800000,101831.9,102456.0,100861.0,101293.7,44130.927,0.0
1738627200000,101293.6,101729.3,100500.1,100597.1,21676.343,0.0
1738641600000,100597.2,100736.3,98183.0,98405.1,52017.001,0.0
1738656000000,98405.1,99387.0,97792.8,98924.0,29726.53,0.0
1738670400000,98924.1,100371.0,98215.7,99310.6,55172.933,0.0
1738684800000,99310.5,100743.6,98724.1,98811.8,38784.927,0.0
1738699200000,98812.0,99400.0,96100.0,97709.9,65368.469,0.0
1738713600000,97710.0,98914.4,97069.0,97989.5,26689.012,0.0
1738728000000,97989.5,98300.0,97320.0,97814.9,17884.945,0.0
1738742400000,97814.9,98178.0,97206.0,98161.7,15468.776,0.0
1738756800000,98161.7,99124.2,97709.9,98063.3,34048.979,0.0
1738771200000,98063.3,98262.3,96442.1,97327.1,33419.487,0.0
1738785600000,97327.2,97662.6,96106.1,96553.2,23868.467,0.0
1738800000000,96553.2,97460.0,96373.4,97305.6,14758.431,0.0
1738814400000,97305.6,98390.5,97215.2,98164.9,15525.03,0.0
1738828800000,98164.9,99093.0,97880.0,98826.3,24612.47,0.0
1738843200000,98826.3,99019.9,96866.9,97285.6,42424.16,0.0
1738857600000,97285.7,97500.0,95613.5,95946.1,43232.83,0.0
1738872000000,95946.0,97041.4,95736.0,96515.1,20968.092,0.0
1738886400000,96515.0,97805.8,96358.3,97410.2,16612.27,0.0
1738900800000,97410.2,97835.0,96536.5,96705.1,17746.436,0.0
1738915200000,96705.0,97722.3,96566.3,97703.8,14669.521,0.0
1738929600000,97703.8,100112.4,97150.0,98257.1,98527.475,0.0
1738944000000,98257.1,98535.5,96817.0,96840.1,45070.845,0.0
1738958400000,96840.0,96885.6,95555.0,96454.5,30747.082,0.0
1738972800000,96454.5,96850.0,96288.0,96660.0,12426.456,0.0
1738987200000,96660.0,96660.1,95714.4,96153.4,13155.164,0.0
1739001600000,96153.4,96248.3,95805.0,96074.1,9887.085,0.0
1739016000000,96074.0,96466.0,95600.0,95798.0,14840.001,0.0
1739030400000,95798.0,96725.2,95685.6,96550.0,13291.749,0.0
1739044800000,96550.0,96673.5,96311.6,96411.9,5449.977,0.0
1739059200000,96412.0,97284.1,96306.5,97278.4,12620.838,0.0
1739073600000,97278.3,97301.7,96738.3,97020.0,7892.281,0.0
1739088000000,97020.0,97279.3,96498.5,96511.2,13729.086,0.0
1739102400000,96511.2,96663.6,95633.6,96438.0,21436.138,0.0
1739116800000,96438.0,96541.6,95828.0,96011.4,10274.1,0.0
1739131200000,96011.4,96750.0,94650.1,96423.6,35224.843,0.0
1739145600000,96423.6,97091.8,95200.1,96770.0,32348.746,0.0
1739160000000,96770.0,97634.0,96591.8,97386.3,23605.802,0.0
1739174400000,97386.3,97930.0,97305.5,97627.2,18947.956,0.0
1739188800000,97627.3,98328.0,96806.6,97187.7,35096.177,0.0
1739203200000,97187.7,97611.0,96828.4,97343.6,16027.97,0.0
1739217600000,97343.6,97455.5,97090.3,97379.2,6905.894,0.0
1739232000000,97379.2,98108.5,97352.2,97565.5,15100.134,0.0
1739246400000,97565.4,98482.2,97514.6,98231.1,16552.116,0.0
1739260800000,98231.2,98306.9,97834.3,98100.0,10582.887,0.0
1739275200000,98100.1,98112.2,96529.3,96963.3,40145.936,0.0
1739289600000,96963.2,97002.0,94814.3,94988.0,43455.599,0.0
1739304000000,94988.0,96468.5,94871.2,95731.4,28996.232,0.0
1739318400000,95731.4,96230.0,95050.0,95251.4,15872.659,0.0
1739332800000,95251.4,96130.1,95213.2,96025.8,12022.343,0.0
1739347200000,96025.1,96437.5,95860.5,96062.4,15330.015,0.0
1739361600000,96062.4,96596.3,94003.9,95762.1,81170.853,0.0
1739376000000,95762.0,97700.0,95074.0,97156.6,52129.395,0.0
1739390400000,97156.7,98090.9,96811.2,97816.3,25922.814,0.0
1739404800000,97816.3,98053.8,97309.1,97463.4,12528.34,0.0
1739419200000,97463.4,97519.3,95706.8,96018.5,29528.25,0.0
1739433600000,96018.5,96288.9,95500.0,95883.6,20319.939,0.0
1739448000000,95883.6,96432.4,95288.5,95943.5,37774.418,0.0
1739462400000,95943.2,96325.0,95160.1,95587.8,26297.007,0.0
1739476800000,95587.9,96756.8,95544.9,96560.6,15792.572,0.0
1739491200000,96560.6,97163.0,96309.5,97094.9,13958.196,0.0
1739505600000,97094.9,97212.0,96505.0,96889.9,12651.199,0.0
1739520000000,96889.9,97150.0,96743.4,96844.6,9939.549,0.0
1739534400000,96844.6,97561.1,96225.7,96886.5,34393.742,0.0
1739548800000,96886.5,98792.8,96444.6,97898.3,51033.979,0.0
1739563200000,97898.4,98229.1,96636.7,97445.1,22476.292,0.0
1739577600000,97445.2,97941.2,97170.0,97619.4,10051.551,0.0
1739592000000,97619.4,97750.0,97306.3,97312.4,5995.987,0.0
1739606400000,97312.4,97692.3,97255.2,97569.4,6186.788,0.0
1739620800000,97569.5,97899.8,97377.0,97594.5,11164.25,0.0
1739635200000,97594.5,97682.4,97274.5,97496.9,7776.703,0.0
1739649600000,97497.0,97698.4,97370.0,97538.0,6243.314,0.0
1739664000000,97538.0,97665.8,97373.1,97504.9,5666.471,0.0
1739678400000,97504.8,97638.8,97137.0,97207.4,5859.374,0.0
1739692800000,97207.4,97355.0,97011.0,97293.1,7282.127,0.0
1739707200000,97293.1,97295.7,96629.5,96849.9,13685.034,0.0
1739721600000,96850.0,97134.0,96572.5,97021.5,9001.586,0.0
1739736000000,97021.4,97247.6,96002.0,96067.0,15190.281,0.0
1739750400000,96067.0,96605.7,96000.0,96171.5,11350.76,0.0
1739764800000,96171.4,96421.9,95739.6,96023.8,13627.4,0.0
1739779200000,96023.8,96347.0,95897.1,96018.2,12992.848,0.0
1739793600000,96018.3,97000.0,95491.7,95605.5,29886.124,0.0
1739808000000,95605.5,95900.0,95150.6,95490.8,24809.586,0.0
1739822400000,95490.7,96386.9,95452.8,95743.2,12910.268,0.0
1739836800000,95743.1,96296.5,95508.8,96163.1,12045.894,0.0
1739851200000,96163.1,96267.7,95199.9,95409.9,18722.38,0.0
1739865600000,95409.9,95849.0,95000.0,95606.1,15643.511,0.0
1739880000000,95606.0,96737.3,95115.1,95501.6,39510.683,0.0
1739894400000,95501.6,95595.0,93321.6,94062.1,59876.925,0.0
1739908800000,94062.2,95645.3,93696.4,95622.0,33373.969,0.0
1739923200000,95622.0,95929.0,95020.0,95672.1,17813.797,0.0
1739937600000,95672.2,95816.2,95012.5,95640.4,16957.175,0.0
1739952000000,95640.5,96443.9,95571.2,96392.0,20145.348,0.0
1739966400000,96392.0,96676.0,95494.4,95895.4,32576.279,0.0
1739980800000,95895.4,96447.0,95362.8,96159.9,22433.716,0.0
1739995200000,96159.8,96878.7,96011.6,96598.0,15070.558,0.0
1740009600000,96597.9,97339.8,96366.0,97017.4,16242.992,0.0
1740024000000,97017.4,97310.4,96743.8,96825.8,10876.646,0.0
1740038400000,96825.7,97350.0,96757.2,97164.6,9215.261,0.0
1740052800000,97164.6,98000.0,96756.1,96870.5,40545.385,0.0
1740067200000,96871.1,98480.0,96838.1,98370.0,34903.809,0.0
1740081600000,98369.9,98662.1,97952.8,98252.9,17396.079,0.0
1740096000000,98252.8,98450.0,98030.3,98106.1,9636.148,0.0
1740110400000,98106.0,98555.0,98072.4,98130.0,9837.915,0.0
1740124800000,98129.9,98888.0,98057.5,98579.7,21699.494,0.0
1740139200000,98579.7,99431.5,97143.0,98057.6,85401.79,0.0
1740153600000,98057.6,98720.0,95201.2,95247.5,85986.94,0.0
1740168000000,95247.4,96150.0,94830.4,96127.9,38055.986,0.0
1740182400000,96128.0,96399.9,95701.9,96249.9,12887.85,0.0
1740196800000,96250.0,96542.7,96219.9,96241.7,8085.678,0.0
1740211200000,96241.7,96571.2,96107.0,96526.4,11109.977,0.0
1740225600000,96526.5,96988.0,96444.2,96552.4,18121.719,0.0
1740240000000,96552.3,96794.6,96333.8,96596.6,10553.783,0.0
1740254400000,96596.5,96659.5,96432.6,96503.3,5033.143,0.0
1740268800000,96503.3,96602.9,96309.6,96373.7,5921.475,0.0
1740283200000,96373.7,96504.1,96102.2,96454.6,10823.841,-1.0
1740297600000,96454.6,96459.4,96030.0,96064.3,7616.299,0.0
1740312000000,96064.2,96118.1,95326.8,95391.5,21371.74,-1.0
1740326400000,95391.5,95823.5,95180.2,95706.5,11934.582,-1.0
1740340800000,95706.5,96290.0,95476.5,96218.4,11630.754,-1.0
1740355200000,96218.4,96470.0,95263.0,95388.1,17763.849,-1.0
1740369600000,95388.0,95918.4,95018.0,95834.2,17643.499,-1.0
1740384000000,95834.2,96147.5,95282.4,95774.8,19209.488,-1.0
1740398400000,95774.9,96055.1,93800.0,94295.9,60104.206,-1.0
1740412800000,94295.9,95182.3,93612.9,93916.1,39593.268,-1.0
1740427200000,93917.4,94551.1,91300.0,91514.5,63174.44,0.0
1740441600000,91514.5,92500.0,90850.0,92125.3,49736.339,-1.0
1740456000000,92125.3,92287.0,88131.6,89262.9,92098.853,-1.0
1740470400000,89262.8,89952.0,86800.0,89186.8,100778.92,-1.0
1740484800000,89186.9,89499.9,86020.4,87206.9,108732.091,0.0
1740499200000,87206.8,88048.9,86125.9,87914.3,72441.612,0.0
1740513600000,87914.2,89442.7,87578.1,88639.1,48508.687,-1.0
1740528000000,88639.1,89367.1,88101.9,88851.8,21365.208,-1.0
1740542400000,88851.8,89214.8,88366.0,88682.3,16621.135,-1.0
1740556800000,88682.3,89285.7,88092.0,88570.0,27628.135,-1.0
1740571200000,88570.1,88641.0,85377.2,87536.4,113336.525,-1.0
1740585600000,87536.5,87784.7,83265.5,83832.0,137446.696,-1.0
1740600000000,83832.0,85382.0,82222.0,84208.5,84744.122,-1.0
1740614400000,84208.6,85397.1,84000.0,85174.0,31978.449,-1.0
1740628800000,85174.0,86687.5,84640.1,86227.9,33054.482,-1.0
1740643200000,86228.0,87066.0,85827.1,86655.3,36174.377,-1.0
1740657600000,86655.4,86756.1,84609.0,85473.0,71815.48,-1.0
1740672000000,85472.9,85664.8,83567.4,84084.0,44193.184,-1.0
1740686400000,84084.0,84894.0,82667.0,84668.1,52192.558,-1.0
1740700800000,84668.2,84858.6,79500.0,80429.2,150178.095,1.0
1740715200000,80429.2,80939.9,78787.0,79159.9,109818.611,1.0
1740729600000,79159.9,80800.0,78200.2,80474.3,76070.275,1.0
1740744000000,80474.4,84380.9,80030.0,83948.1,103925.229,0.0
1740758400000,83948.1,85084.5,83153.3,84393.3,72721.105,0.0
1740772800000,84393.3,84743.8,83555.0,84299.6,23629.916,0.0
1740787200000,84299.6,85638.0,83779.0,85279.3,31502.988,1.0
1740801600000,85279.1,86516.5,84698.8,84707.3,39241.067,1.0
1740816000000,84707.2,85452.4,84343.0,84593.6,26089.157,1.0
1740830400000,84593.6,84908.5,84285.0,84755.1,17714.663,1.0
1740844800000,84755.0,85613.4,84652.0,85431.2,16936.818,1.0
1740859200000,85431.1,86219.7,85239.6,86007.7,15511.978,1.0
1740873600000,86007.7,86449.9,85571.8,85811.9,18529.902,1.0
1740888000000,85812.0,86515.0,85490.0,86191.4,13859.725,1.0
1740902400000,86191.4,86219.5,85605.0,86047.0,16697.034,1.0
1740916800000,86047.1,88644.0,85015.0,87390.1,74595.642,1.0
1740931200000,87390.1,94971.0,87236.0,93467.3,192872.48,-1.0
1740945600000,93467.2,94800.0,93444.9,94222.8,48156.755,-1.0
1740960000000,94222.0,94373.4,92380.1,92660.0,37429.12,-1.0
1740974400000,92660.0,93304.9,91150.0,92318.0,40159.56,-1.0
1740988800000,92318.0,92888.0,91100.0,92700.0,37107.704,-1.0
1741003200000,92700.0,93666.0,89100.0,90009.5,115283.973,-1.0
1741017600000,90009.5,90959.1,85495.5,85552.0,122196.084,0.0
1741032000000,85552.0,86999.9,85029.0,86192.7,83855.961,0.0
1741046400000,86193.3,86773.5,82420.0,83929.0,106129.625,1.0
1741060800000,83928.9,84566.0,83100.3,83159.4,32146.523,1.0
1741075200000,83159.4,84359.5,83000.1,83890.1,26599.17,1.0
1741089600000,83890.1,84934.9,81200.0,82945.0,118850.856,1.0
1741104000000,82945.0,88488.0,81911.1,88165.3,91455.087,0.0
1741118400000,88165.3,88931.0,86544.0,87245.9,57253.537,0.0
1741132800000,87245.9,87850.0,86328.0,86813.6,31773.108,1.0
1741147200000,86813.7,87688.0,86694.0,87573.9,15899.215,0.0
1741161600000,87573.9,90625.0,87549.0,89777.6,50928.602,0.0
1741176000000,89777.6,90897.1,87890.0,88312.6,93893.227,0.0
1741190400000,88312.5,90444.0,87558.0,89711.2,63517.478,0.0
1741204800000,89711.2,91000.0,89626.3,90566.1,22989.46,0.0
1741219200000,90566.1,91988.0,89955.0,91563.2,37147.404,-1.0
1741233600000,91563.2,92780.3,91222.0,91311.3,32218.874,0.0
1741248000000,91311.4,91642.3,90572.4,91319.2,30673.037,-1.0
1741262400000,91319.2,91420.0,89070.0,90777.9,79791.931,-1.0
1741276800000,90777.9,91025.7,87790.5,88488.5,73825.248,0.0
1741291200000,88488.5,90748.0,88428.8,89887.8,49402.138,0.0
1741305600000,89887.9,91257.7,84600.0,86958.5,132530.28,0.0
1741320000000,86958.4,88569.9,86809.2,88308.8,26269.039,0.0
1741334400000,88308.8,89666.0,87932.0,88928.8,27344.006,0.0
1741348800000,88928.9,91107.9,87979.0,88424.9,106013.324,0.0
1741363200000,88425.0,88990.0,86530.0,87787.2,87066.667,0.0
1741377600000,87787.3,88494.3,85555.0,86753.8,73250.879,0.0
1741392000000,86753.8,86876.5,85108.0,85880.0,27166.455,0.0
1741406400000,85880.0,86622.9,85607.7,86159.2,14502.391,-1.0
1741420800000,86159.2,86422.0,85720.0,85923.9,12411.924,-1.0
1741435200000,85923.9,86587.0,85774.8,86360.0,14833.073,-1.0
1741449600000,86360.0,86459.0,85605.5,86190.5,18610.891,-1.0
1741464000000,86190.5,86458.8,85800.0,86184.7,8581.453,-1.0
1741478400000,86184.7,86470.6,85902.0,86077.1,10664.199,-1.0
1741492800000,86077.1,86128.3,85753.3,85968.9,8708.738,-1.0
1741507200000,85968.8,86092.8,84601.3,84990.1,28696.135,-1.0
1741521600000,84990.0,85028.1,82619.3,83030.5,56855.474,-1.0
1741536000000,83030.4,83727.8,82176.9,82604.9,53961.081,0.0
1741550400000,82605.0,83515.0,79933.4,80688.8,62723.721,
1741564800000,80690.7,82694.2,80001.0,82000.1,51441.0,
1741579200000,82000.1,82761.0,81947.0,82277.6,18157.406,
1741593600000,82277.7,84031.5,81110.0,83540.2,76138.678,
1741608000000,83540.3,83728.2,79142.8,80009.7,124660.837,
1741622400000,80009.7,80217.6,77410.1,79037.1,106456.31,
1741636800000,79035.3,79844.4,78363.6,78567.8,39532.566,
1741651200000,78567.8,79888.0,76560.0,79486.6,78235.731,
1741665600000,79486.7,80585.5,79411.2,80386.0,33668.415,
1741680000000,80386.0,82061.5,80291.0,81684.6,41608.884,
